Div,Date,Time,HomeTeam,AwayTeam,HomeScore,AwayScore,Result
E0,9/8/19,20:00,Liverpool,Norwich,4,1,H
E0,10/8/19,12:30,West Ham,Man City,0,5,A
E0,10/8/19,15:00,Bournemouth,Sheffield United,1,1,D
E0,10/8/19,15:00,Burnley,Southampton,3,0,H
E0,10/8/19,15:00,Crystal Palace,Everton,0,0,D
E0,10/8/19,15:00,Watford,Brighton,0,3,A
E0,10/8/19,17:30,Tottenham,Aston Villa,3,1,H
E0,11/8/19,14:00,Leicester,Wolves,0,0,D
E0,11/8/19,14:00,Newcastle,Arsenal,0,1,A
E0,11/8/19,16:30,Man United,Chelsea,4,0,H
E0,17/08/2019,12:30,Arsenal,Burnley,2,1,H
E0,17/08/2019,15:00,Aston Villa,Bournemouth,1,2,A
E0,17/08/2019,15:00,Brighton,West Ham,1,1,D
E0,17/08/2019,15:00,Everton,Watford,1,0,H
E0,17/08/2019,15:00,Norwich,Newcastle,3,1,H
E0,17/08/2019,15:00,Southampton,Liverpool,1,2,A
E0,17/08/2019,17:30,Man City,Tottenham,2,2,D
E0,18/08/2019,14:00,Sheffield United,Crystal Palace,1,0,H
E0,18/08/2019,16:30,Chelsea,Leicester,1,1,D
E0,19/08/2019,20:00,Wolves,Man United,1,1,D
E0,23/08/2019,20:00,Aston Villa,Everton,2,0,H
E0,24/08/2019,12:30,Norwich,Chelsea,2,3,A
E0,24/08/2019,15:00,Brighton,Southampton,0,2,A
E0,24/08/2019,15:00,Man United,Crystal Palace,1,2,A
E0,24/08/2019,15:00,Sheffield United,Leicester,1,2,A
E0,24/08/2019,15:00,Watford,West Ham,1,3,A
E0,24/08/2019,17:30,Liverpool,Arsenal,3,1,H
E0,25/08/2019,14:00,Bournemouth,Man City,1,3,A
E0,25/08/2019,16:30,Tottenham,Newcastle,0,1,A
E0,25/08/2019,16:30,Wolves,Burnley,1,1,D
E0,31/08/2019,12:30,Southampton,Man United,1,1,D
E0,31/08/2019,15:00,Chelsea,Sheffield United,2,2,D
E0,31/08/2019,15:00,Crystal Palace,Aston Villa,1,0,H
E0,31/08/2019,15:00,Leicester,Bournemouth,3,1,H
E0,31/08/2019,15:00,Man City,Brighton,4,0,H
E0,31/08/2019,15:00,Newcastle,Watford,1,1,D
E0,31/08/2019,15:00,West Ham,Norwich,2,0,H
E0,31/08/2019,17:30,Burnley,Liverpool,0,3,A
E0,1/9/19,14:00,Everton,Wolves,3,2,H
E0,1/9/19,16:30,Arsenal,Tottenham,2,2,D
E0,14/09/2019,12:30,Liverpool,Newcastle,3,1,H
E0,14/09/2019,15:00,Brighton,Burnley,1,1,D
E0,14/09/2019,15:00,Man United,Leicester,1,0,H
E0,14/09/2019,15:00,Sheffield United,Southampton,0,1,A
E0,14/09/2019,15:00,Tottenham,Crystal Palace,4,0,H
E0,14/09/2019,15:00,Wolves,Chelsea,2,5,A
E0,14/09/2019,17:30,Norwich,Man City,3,2,H
E0,15/09/2019,14:00,Bournemouth,Everton,3,1,H
E0,15/09/2019,16:30,Watford,Arsenal,2,2,D
E0,16/09/2019,20:00,Aston Villa,West Ham,0,0,D
E0,20/09/2019,20:00,Southampton,Bournemouth,1,3,A
E0,21/09/2019,12:30,Leicester,Tottenham,2,1,H
E0,21/09/2019,15:00,Burnley,Norwich,2,0,H
E0,21/09/2019,15:00,Everton,Sheffield United,0,2,A
E0,21/09/2019,15:00,Man City,Watford,8,0,H
E0,21/09/2019,17:30,Newcastle,Brighton,0,0,D
E0,22/09/2019,14:00,Crystal Palace,Wolves,1,1,D
E0,22/09/2019,14:00,West Ham,Man United,2,0,H
E0,22/09/2019,16:30,Arsenal,Aston Villa,3,2,H
E0,22/09/2019,16:30,Chelsea,Liverpool,1,2,A
E0,28/09/2019,12:30,Sheffield United,Liverpool,0,1,A
E0,28/09/2019,15:00,Aston Villa,Burnley,2,2,D
E0,28/09/2019,15:00,Bournemouth,West Ham,2,2,D
E0,28/09/2019,15:00,Chelsea,Brighton,2,0,H
E0,28/09/2019,15:00,Crystal Palace,Norwich,2,0,H
E0,28/09/2019,15:00,Tottenham,Southampton,2,1,H
E0,28/09/2019,15:00,Wolves,Watford,2,0,H
E0,28/09/2019,17:30,Everton,Man City,1,3,A
E0,29/09/2019,16:30,Leicester,Newcastle,5,0,H
E0,30/09/2019,20:00,Man United,Arsenal,1,1,D
E0,5/10/19,12:30,Brighton,Tottenham,3,0,H
E0,5/10/19,15:00,Burnley,Everton,1,0,H
E0,5/10/19,15:00,Liverpool,Leicester,2,1,H
E0,5/10/19,15:00,Norwich,Aston Villa,1,5,A
E0,5/10/19,15:00,Watford,Sheffield United,0,0,D
E0,5/10/19,17:30,West Ham,Crystal Palace,1,2,A
E0,6/10/19,14:00,Arsenal,Bournemouth,1,0,H
E0,6/10/19,14:00,Man City,Wolves,0,2,A
E0,6/10/19,14:00,Southampton,Chelsea,1,4,A
E0,6/10/19,16:30,Newcastle,Man United,1,0,H
E0,19/10/2019,12:30,Everton,West Ham,2,0,H
E0,19/10/2019,15:00,Aston Villa,Brighton,2,1,H
E0,19/10/2019,15:00,Bournemouth,Norwich,0,0,D
E0,19/10/2019,15:00,Chelsea,Newcastle,1,0,H
E0,19/10/2019,15:00,Leicester,Burnley,2,1,H
E0,19/10/2019,15:00,Tottenham,Watford,1,1,D
E0,19/10/2019,15:00,Wolves,Southampton,1,1,D
E0,19/10/2019,17:30,Crystal Palace,Man City,0,2,A
E0,20/10/2019,16:30,Man United,Liverpool,1,1,D
E0,21/10/2019,20:00,Sheffield United,Arsenal,1,0,H
E0,25/10/2019,20:00,Southampton,Leicester,0,9,A
E0,26/10/2019,12:30,Man City,Aston Villa,3,0,H
E0,26/10/2019,15:00,Brighton,Everton,3,2,H
E0,26/10/2019,15:00,Watford,Bournemouth,0,0,D
E0,26/10/2019,15:00,West Ham,Sheffield United,1,1,D
E0,26/10/2019,17:30,Burnley,Chelsea,2,4,A
E0,27/10/2019,14:00,Newcastle,Wolves,1,1,D
E0,27/10/2019,16:30,Arsenal,Crystal Palace,2,2,D
E0,27/10/2019,16:30,Liverpool,Tottenham,2,1,H
E0,27/10/2019,16:30,Norwich,Man United,1,3,A
E0,2/11/19,12:30,Bournemouth,Man United,1,0,H
E0,2/11/19,15:00,Arsenal,Wolves,1,1,D
E0,2/11/19,15:00,Aston Villa,Liverpool,1,2,A
E0,2/11/19,15:00,Brighton,Norwich,2,0,H
E0,2/11/19,15:00,Man City,Southampton,2,1,H
E0,2/11/19,15:00,Sheffield United,Burnley,3,0,H
E0,2/11/19,15:00,West Ham,Newcastle,2,3,A
E0,2/11/19,17:30,Watford,Chelsea,1,2,A
E0,3/11/19,14:00,Crystal Palace,Leicester,0,2,A
E0,3/11/19,16:30,Everton,Tottenham,1,1,D
E0,8/11/19,20:00,Norwich,Watford,0,2,A
E0,9/11/19,12:30,Chelsea,Crystal Palace,2,0,H
E0,9/11/19,15:00,Burnley,West Ham,3,0,H
E0,9/11/19,15:00,Newcastle,Bournemouth,2,1,H
E0,9/11/19,15:00,Southampton,Everton,1,2,A
E0,9/11/19,15:00,Tottenham,Sheffield United,1,1,D
E0,9/11/19,17:30,Leicester,Arsenal,2,0,H
E0,10/11/19,14:00,Man United,Brighton,3,1,H
E0,10/11/19,14:00,Wolves,Aston Villa,2,1,H
E0,10/11/19,16:30,Liverpool,Man City,3,1,H
E0,23/11/2019,12:30,West Ham,Tottenham,2,3,A
E0,23/11/2019,15:00,Arsenal,Southampton,2,2,D
E0,23/11/2019,15:00,Bournemouth,Wolves,1,2,A
E0,23/11/2019,15:00,Brighton,Leicester,0,2,A
E0,23/11/2019,15:00,Crystal Palace,Liverpool,1,2,A
E0,23/11/2019,15:00,Everton,Norwich,0,2,A
E0,23/11/2019,15:00,Watford,Burnley,0,3,A
E0,23/11/2019,17:30,Man City,Chelsea,2,1,H
E0,24/11/2019,16:30,Sheffield United,Man United,3,3,D
E0,25/11/2019,20:00,Aston Villa,Newcastle,2,0,H
E0,30/11/2019,12:30,Newcastle,Man City,2,2,D
E0,30/11/2019,15:00,Burnley,Crystal Palace,0,2,A
E0,30/11/2019,15:00,Chelsea,West Ham,0,1,A
E0,30/11/2019,15:00,Liverpool,Brighton,2,1,H
E0,30/11/2019,15:00,Tottenham,Bournemouth,3,2,H
E0,30/11/2019,17:30,Southampton,Watford,2,1,H
E0,1/12/19,14:00,Norwich,Arsenal,2,2,D
E0,1/12/19,14:00,Wolves,Sheffield United,1,1,D
E0,1/12/19,16:30,Leicester,Everton,2,1,H
E0,1/12/19,16:30,Man United,Aston Villa,2,2,D
E0,3/12/19,19:30,Crystal Palace,Bournemouth,1,0,H
E0,3/12/19,20:15,Burnley,Man City,1,4,A
E0,4/12/19,19:30,Chelsea,Aston Villa,2,1,H
E0,4/12/19,19:30,Leicester,Watford,2,0,H
E0,4/12/19,19:30,Man United,Tottenham,2,1,H
E0,4/12/19,19:30,Southampton,Norwich,2,1,H
E0,4/12/19,19:30,Wolves,West Ham,2,0,H
E0,4/12/19,20:15,Liverpool,Everton,5,2,H
E0,5/12/19,19:30,Sheffield United,Newcastle,0,2,A
E0,5/12/19,20:15,Arsenal,Brighton,1,2,A
E0,7/12/19,12:30,Everton,Chelsea,3,1,H
E0,7/12/19,15:00,Bournemouth,Liverpool,0,3,A
E0,7/12/19,15:00,Tottenham,Burnley,5,0,H
E0,7/12/19,15:00,Watford,Crystal Palace,0,0,D
E0,7/12/19,17:30,Man City,Man United,1,2,A
E0,8/12/19,14:00,Aston Villa,Leicester,1,4,A
E0,8/12/19,14:00,Newcastle,Southampton,2,1,H
E0,8/12/19,14:00,Norwich,Sheffield United,1,2,A
E0,8/12/19,16:30,Brighton,Wolves,2,2,D
E0,9/12/19,20:00,West Ham,Arsenal,1,3,A
E0,14/12/2019,12:30,Liverpool,Watford,2,0,H
E0,14/12/2019,15:00,Burnley,Newcastle,1,0,H
E0,14/12/2019,15:00,Chelsea,Bournemouth,0,1,A
E0,14/12/2019,15:00,Leicester,Norwich,1,1,D
E0,14/12/2019,15:00,Sheffield United,Aston Villa,2,0,H
E0,14/12/2019,17:30,Southampton,West Ham,0,1,A
E0,15/12/2019,14:00,Man United,Everton,1,1,D
E0,15/12/2019,14:00,Wolves,Tottenham,1,2,A
E0,15/12/2019,16:30,Arsenal,Man City,0,3,A
E0,16/12/2019,19:45,Crystal Palace,Brighton,1,1,D
E0,21/12/2019,12:30,Everton,Arsenal,0,0,D
E0,21/12/2019,15:00,Aston Villa,Southampton,1,3,A
E0,21/12/2019,15:00,Bournemouth,Burnley,0,1,A
E0,21/12/2019,15:00,Brighton,Sheffield United,0,1,A
E0,21/12/2019,15:00,Newcastle,Crystal Palace,1,0,H
E0,21/12/2019,15:00,Norwich,Wolves,1,2,A
E0,21/12/2019,17:30,Man City,Leicester,3,1,H
E0,22/12/2019,14:00,Watford,Man United,2,0,H
E0,22/12/2019,16:30,Tottenham,Chelsea,0,2,A
E0,26/12/2019,12:30,Tottenham,Brighton,2,1,H
E0,26/12/2019,15:00,Aston Villa,Norwich,1,0,H
E0,26/12/2019,15:00,Bournemouth,Arsenal,1,1,D
E0,26/12/2019,15:00,Chelsea,Southampton,0,2,A
E0,26/12/2019,15:00,Crystal Palace,West Ham,2,1,H
E0,26/12/2019,15:00,Everton,Burnley,1,0,H
E0,26/12/2019,15:00,Sheffield United,Watford,1,1,D
E0,26/12/2019,17:30,Man United,Newcastle,4,1,H
E0,26/12/2019,20:00,Leicester,Liverpool,0,4,A
E0,27/12/2019,19:45,Wolves,Man City,3,2,H
E0,28/12/2019,12:30,Brighton,Bournemouth,2,0,H
E0,28/12/2019,15:00,Newcastle,Everton,1,2,A
E0,28/12/2019,15:00,Southampton,Crystal Palace,1,1,D
E0,28/12/2019,15:00,Watford,Aston Villa,3,0,H
E0,28/12/2019,17:30,Norwich,Tottenham,2,2,D
E0,28/12/2019,17:30,West Ham,Leicester,1,2,A
E0,28/12/2019,19:45,Burnley,Man United,0,2,A
E0,29/12/2019,14:00,Arsenal,Chelsea,1,2,A
E0,29/12/2019,16:30,Liverpool,Wolves,1,0,H
E0,29/12/2019,18:00,Man City,Sheffield United,2,0,H
E0,1/1/20,12:30,Brighton,Chelsea,1,1,D
E0,1/1/20,12:30,Burnley,Aston Villa,1,2,A
E0,1/1/20,15:00,Newcastle,Leicester,0,3,A
E0,1/1/20,15:00,Southampton,Tottenham,1,0,H
E0,1/1/20,15:00,Watford,Wolves,2,1,H
E0,1/1/20,17:30,Man City,Everton,2,1,H
E0,1/1/20,17:30,Norwich,Crystal Palace,1,1,D
E0,1/1/20,17:30,West Ham,Bournemouth,4,0,H
E0,1/1/20,20:00,Arsenal,Man United,2,0,H
E0,2/1/20,20:00,Liverpool,Sheffield United,2,0,H
E0,10/1/20,20:00,Sheffield United,West Ham,1,0,H
E0,11/1/20,12:30,Crystal Palace,Arsenal,1,1,D
E0,11/1/20,15:00,Chelsea,Burnley,3,0,H
E0,11/1/20,15:00,Everton,Brighton,1,0,H
E0,11/1/20,15:00,Leicester,Southampton,1,2,A
E0,11/1/20,15:00,Man United,Norwich,4,0,H
E0,11/1/20,15:00,Wolves,Newcastle,1,1,D
E0,11/1/20,17:30,Tottenham,Liverpool,0,1,A
E0,12/1/20,14:00,Bournemouth,Watford,0,3,A
E0,12/1/20,16:30,Aston Villa,Man City,1,6,A
E0,18/01/2020,12:30,Watford,Tottenham,0,0,D
E0,18/01/2020,15:00,Arsenal,Sheffield United,1,1,D
E0,18/01/2020,15:00,Brighton,Aston Villa,1,1,D
E0,18/01/2020,15:00,Man City,Crystal Palace,2,2,D
E0,18/01/2020,15:00,Norwich,Bournemouth,1,0,H
E0,18/01/2020,15:00,Southampton,Wolves,2,3,A
E0,18/01/2020,15:00,West Ham,Everton,1,1,D
E0,18/01/2020,17:30,Newcastle,Chelsea,1,0,H
E0,19/01/2020,14:00,Burnley,Leicester,2,1,H
E0,19/01/2020,16:30,Liverpool,Man United,2,0,H
E0,21/01/2020,19:30,Aston Villa,Watford,2,1,H
E0,21/01/2020,19:30,Bournemouth,Brighton,3,1,H
E0,21/01/2020,19:30,Crystal Palace,Southampton,0,2,A
E0,21/01/2020,19:30,Everton,Newcastle,2,2,D
E0,21/01/2020,19:30,Sheffield United,Man City,0,1,A
E0,21/01/2020,20:15,Chelsea,Arsenal,2,2,D
E0,22/01/2020,19:30,Leicester,West Ham,4,1,H
E0,22/01/2020,19:30,Tottenham,Norwich,2,1,H
E0,22/01/2020,20:15,Man United,Burnley,0,2,A
E0,23/01/2020,20:00,Wolves,Liverpool,1,2,A
E0,29/01/2020,19:45,West Ham,Liverpool,0,2,A
E0,1/2/20,12:30,Leicester,Chelsea,2,2,D
E0,1/2/20,15:00,Bournemouth,Aston Villa,2,1,H
E0,1/2/20,15:00,Crystal Palace,Sheffield United,0,1,A
E0,1/2/20,15:00,Liverpool,Southampton,4,0,H
E0,1/2/20,15:00,Newcastle,Norwich,0,0,D
E0,1/2/20,15:00,Watford,Everton,2,3,A
E0,1/2/20,15:00,West Ham,Brighton,3,3,D
E0,1/2/20,17:30,Man United,Wolves,0,0,D
E0,2/2/20,14:00,Burnley,Arsenal,0,0,D
E0,2/2/20,16:30,Tottenham,Man City,2,0,H
E0,8/2/20,12:30,Everton,Crystal Palace,3,1,H
E0,8/2/20,17:30,Brighton,Watford,1,1,D
E0,9/2/20,14:00,Sheffield United,Bournemouth,2,1,H
E0,14/02/2020,20:00,Wolves,Leicester,0,0,D
E0,15/02/2020,12:30,Southampton,Burnley,1,2,A
E0,15/02/2020,17:30,Norwich,Liverpool,0,1,A
E0,16/02/2020,14:00,Aston Villa,Tottenham,2,3,A
E0,16/02/2020,16:30,Arsenal,Newcastle,4,0,H
E0,17/02/2020,20:00,Chelsea,Man United,0,2,A
E0,19/02/2020,19:30,Man City,West Ham,2,0,H
E0,22/02/2020,12:30,Chelsea,Tottenham,2,1,H
E0,22/02/2020,15:00,Burnley,Bournemouth,3,0,H
E0,22/02/2020,15:00,Crystal Palace,Newcastle,1,0,H
E0,22/02/2020,15:00,Sheffield United,Brighton,1,1,D
E0,22/02/2020,15:00,Southampton,Aston Villa,2,0,H
E0,22/02/2020,17:30,Leicester,Man City,0,1,A
E0,23/02/2020,14:00,Man United,Watford,3,0,H
E0,23/02/2020,14:00,Wolves,Norwich,3,0,H
E0,23/02/2020,16:30,Arsenal,Everton,3,2,H
E0,24/02/2020,20:00,Liverpool,West Ham,3,2,H
E0,28/02/2020,20:00,Norwich,Leicester,1,0,H
E0,29/02/2020,12:30,Brighton,Crystal Palace,0,1,A
E0,29/02/2020,15:00,Bournemouth,Chelsea,2,2,D
E0,29/02/2020,15:00,Newcastle,Burnley,0,0,D
E0,29/02/2020,15:00,West Ham,Southampton,3,1,H
E0,29/02/2020,17:30,Watford,Liverpool,3,0,H
E0,1/3/20,14:00,Everton,Man United,1,1,D
E0,1/3/20,14:00,Tottenham,Wolves,2,3,A
E0,7/3/20,12:30,Liverpool,Bournemouth,2,1,H
E0,7/3/20,15:00,Arsenal,West Ham,1,0,H
E0,7/3/20,15:00,Crystal Palace,Watford,1,0,H
E0,7/3/20,15:00,Sheffield United,Norwich,1,0,H
E0,7/3/20,15:00,Southampton,Newcastle,0,1,A
E0,7/3/20,15:00,Wolves,Brighton,0,0,D
E0,7/3/20,17:30,Burnley,Tottenham,1,1,D
E0,8/3/20,14:00,Chelsea,Everton,4,0,H
E0,8/3/20,16:30,Man United,Man City,2,0,H
E0,9/3/20,20:00,Leicester,Aston Villa,4,0,H
E0,17/06/2020,18:00,Aston Villa,Sheffield United,0,0,D
E0,17/06/2020,20:15,Man City,Arsenal,3,0,H
E0,19/06/2020,18:00,Norwich,Southampton,0,3,A
E0,19/06/2020,20:15,Tottenham,Man United,1,1,D
E0,20/06/2020,12:30,Watford,Leicester,1,1,D
E0,20/06/2020,15:00,Brighton,Arsenal,2,1,H
E0,20/06/2020,17:30,West Ham,Wolves,0,2,A
E0,20/06/2020,19:45,Bournemouth,Crystal Palace,0,2,A
E0,21/06/2020,14:00,Newcastle,Sheffield United,3,0,H
E0,21/06/2020,16:15,Aston Villa,Chelsea,1,2,A
E0,21/06/2020,19:00,Everton,Liverpool,0,0,D
E0,22/06/2020,20:00,Man City,Burnley,5,0,H
E0,23/06/2020,18:00,Leicester,Brighton,0,0,D
E0,23/06/2020,20:15,Tottenham,West Ham,2,0,H
E0,24/06/2020,18:00,Man United,Sheffield United,3,0,H
E0,24/06/2020,18:00,Newcastle,Aston Villa,1,1,D
E0,24/06/2020,18:00,Norwich,Everton,0,1,A
E0,24/06/2020,18:00,Wolves,Bournemouth,1,0,H
E0,24/06/2020,20:15,Liverpool,Crystal Palace,4,0,H
E0,25/06/2020,18:00,Burnley,Watford,1,0,H
E0,25/06/2020,18:00,Southampton,Arsenal,0,2,A
E0,25/06/2020,20:15,Chelsea,Man City,2,1,H
E0,27/06/2020,12:30,Aston Villa,Wolves,0,1,A
E0,28/06/2020,16:30,Watford,Southampton,1,3,A
E0,29/06/2020,20:00,Crystal Palace,Burnley,0,1,A
E0,30/06/2020,20:15,Brighton,Man United,0,3,A
E0,1/7/20,18:00,Arsenal,Norwich,4,0,H
E0,1/7/20,18:00,Bournemouth,Newcastle,1,4,A
E0,1/7/20,18:00,Everton,Leicester,2,1,H
E0,1/7/20,20:15,West Ham,Chelsea,3,2,H
E0,2/7/20,18:00,Sheffield United,Tottenham,3,1,H
E0,2/7/20,20:15,Man City,Liverpool,4,0,H
E0,4/7/20,12:30,Norwich,Brighton,0,1,A
E0,4/7/20,15:00,Leicester,Crystal Palace,3,0,H
E0,4/7/20,15:00,Man United,Bournemouth,5,2,H
E0,4/7/20,17:30,Wolves,Arsenal,0,2,A
E0,4/7/20,20:00,Chelsea,Watford,3,0,H
E0,5/7/20,12:00,Burnley,Sheffield United,1,1,D
E0,5/7/20,14:15,Newcastle,West Ham,2,2,D
E0,5/7/20,16:30,Liverpool,Aston Villa,2,0,H
E0,5/7/20,19:00,Southampton,Man City,1,0,H
E0,6/7/20,20:00,Tottenham,Everton,1,0,H
E0,7/7/20,18:00,Crystal Palace,Chelsea,2,3,A
E0,7/7/20,18:00,Watford,Norwich,2,1,H
E0,7/7/20,20:15,Arsenal,Leicester,1,1,D
E0,8/7/20,18:00,Man City,Newcastle,5,0,H
E0,8/7/20,18:00,Sheffield United,Wolves,1,0,H
E0,8/7/20,18:00,West Ham,Burnley,0,1,A
E0,8/7/20,20:15,Brighton,Liverpool,1,3,A
E0,9/7/20,18:00,Bournemouth,Tottenham,0,0,D
E0,9/7/20,18:00,Everton,Southampton,1,1,D
E0,9/7/20,20:15,Aston Villa,Man United,0,3,A
E0,11/7/20,12:30,Norwich,West Ham,0,4,A
E0,11/7/20,12:30,Watford,Newcastle,2,1,H
E0,11/7/20,15:00,Liverpool,Burnley,1,1,D
E0,11/7/20,17:30,Sheffield United,Chelsea,3,0,H
E0,11/7/20,20:00,Brighton,Man City,0,5,A
E0,12/7/20,12:00,Wolves,Everton,3,0,H
E0,12/7/20,14:15,Aston Villa,Crystal Palace,2,0,H
E0,12/7/20,16:30,Tottenham,Arsenal,2,1,H
E0,12/7/20,19:00,Bournemouth,Leicester,4,1,H
E0,13/07/2020,20:00,Man United,Southampton,2,2,D
D1,16/08/2019,19:30,Bayern Munich,Hertha,2,2,D
D1,17/08/2019,14:30,Dortmund,Augsburg,5,1,H
D1,17/08/2019,14:30,Freiburg,Mainz,3,0,H
D1,17/08/2019,14:30,Leverkusen,Paderborn,3,2,H
D1,17/08/2019,14:30,Werder Bremen,Fortuna Dusseldorf,1,3,A
D1,17/08/2019,14:30,Wolfsburg,FC Koln,2,1,H
D1,17/08/2019,17:30,M'gladbach,Schalke 04,0,0,D
D1,18/08/2019,14:30,Ein Frankfurt,Hoffenheim,1,0,H
D1,18/08/2019,17:00,Union Berlin,RB Leipzig,0,4,A
D1,23/08/2019,19:30,FC Koln,Dortmund,1,3,A
D1,24/08/2019,14:30,Augsburg,Union Berlin,1,1,D
D1,24/08/2019,14:30,Fortuna Dusseldorf,Leverkusen,1,3,A
D1,24/08/2019,14:30,Hoffenheim,Werder Bremen,3,2,H
D1,24/08/2019,14:30,Mainz,M'gladbach,1,3,A
D1,24/08/2019,14:30,Paderborn,Freiburg,1,3,A
D1,24/08/2019,17:30,Schalke 04,Bayern Munich,0,3,A
D1,25/08/2019,14:30,RB Leipzig,Ein Frankfurt,2,1,H
D1,25/08/2019,17:00,Hertha,Wolfsburg,0,3,A
D1,30/08/2019,19:30,M'gladbach,RB Leipzig,1,3,A
D1,31/08/2019,14:30,Bayern Munich,Mainz,6,1,H
D1,31/08/2019,14:30,Freiburg,FC Koln,1,2,A
D1,31/08/2019,14:30,Leverkusen,Hoffenheim,0,0,D
D1,31/08/2019,14:30,Schalke 04,Hertha,3,0,H
D1,31/08/2019,14:30,Wolfsburg,Paderborn,1,1,D
D1,31/08/2019,17:30,Union Berlin,Dortmund,3,1,H
D1,1/9/19,14:30,Werder Bremen,Augsburg,3,2,H
D1,1/9/19,17:00,Ein Frankfurt,Fortuna Dusseldorf,2,1,H
D1,13/09/2019,19:30,Fortuna Dusseldorf,Wolfsburg,1,1,D
D1,14/09/2019,14:30,Augsburg,Ein Frankfurt,2,1,H
D1,14/09/2019,14:30,Dortmund,Leverkusen,4,0,H
D1,14/09/2019,14:30,FC Koln,M'gladbach,0,1,A
D1,14/09/2019,14:30,Mainz,Hertha,2,1,H
D1,14/09/2019,14:30,Union Berlin,Werder Bremen,1,2,A
D1,14/09/2019,17:30,RB Leipzig,Bayern Munich,1,1,D
D1,15/09/2019,14:30,Hoffenheim,Freiburg,0,3,A
D1,15/09/2019,17:00,Paderborn,Schalke 04,1,5,A
D1,20/09/2019,19:30,Schalke 04,Mainz,2,1,H
D1,21/09/2019,14:30,Bayern Munich,FC Koln,4,0,H
D1,21/09/2019,14:30,Freiburg,Augsburg,1,1,D
D1,21/09/2019,14:30,Hertha,Paderborn,2,1,H
D1,21/09/2019,14:30,Leverkusen,Union Berlin,2,0,H
D1,21/09/2019,17:30,Werder Bremen,RB Leipzig,0,3,A
D1,22/09/2019,14:30,M'gladbach,Fortuna Dusseldorf,2,1,H
D1,22/09/2019,17:00,Ein Frankfurt,Dortmund,2,2,D
D1,23/09/2019,19:30,Wolfsburg,Hoffenheim,1,1,D
D1,27/09/2019,19:30,Union Berlin,Ein Frankfurt,1,2,A
D1,28/09/2019,14:30,Augsburg,Leverkusen,0,3,A
D1,28/09/2019,14:30,Hoffenheim,M'gladbach,0,3,A
D1,28/09/2019,14:30,Mainz,Wolfsburg,0,1,A
D1,28/09/2019,14:30,Paderborn,Bayern Munich,2,3,A
D1,28/09/2019,14:30,RB Leipzig,Schalke 04,1,3,A
D1,28/09/2019,17:30,Dortmund,Werder Bremen,2,2,D
D1,29/09/2019,14:30,Fortuna Dusseldorf,Freiburg,1,2,A
D1,29/09/2019,17:00,FC Koln,Hertha,0,4,A
D1,4/10/19,19:30,Hertha,Fortuna Dusseldorf,3,1,H
D1,5/10/19,14:30,Bayern Munich,Hoffenheim,1,2,A
D1,5/10/19,14:30,Freiburg,Dortmund,2,2,D
D1,5/10/19,14:30,Leverkusen,RB Leipzig,1,1,D
D1,5/10/19,14:30,Paderborn,Mainz,1,2,A
D1,5/10/19,17:30,Schalke 04,FC Koln,1,1,D
D1,6/10/19,12:30,M'gladbach,Augsburg,5,1,H
D1,6/10/19,14:30,Wolfsburg,Union Berlin,1,0,H
D1,6/10/19,17:00,Ein Frankfurt,Werder Bremen,2,2,D
D1,18/10/2019,19:30,Ein Frankfurt,Leverkusen,3,0,H
D1,19/10/2019,14:30,Augsburg,Bayern Munich,2,2,D
D1,19/10/2019,14:30,Fortuna Dusseldorf,Mainz,1,0,H
D1,19/10/2019,14:30,RB Leipzig,Wolfsburg,1,1,D
D1,19/10/2019,14:30,Union Berlin,Freiburg,2,0,H
D1,19/10/2019,14:30,Werder Bremen,Hertha,1,1,D
D1,19/10/2019,17:30,Dortmund,M'gladbach,1,0,H
D1,20/10/2019,14:30,FC Koln,Paderborn,3,0,H
D1,20/10/2019,17:00,Hoffenheim,Schalke 04,2,0,H
D1,25/10/2019,19:30,Mainz,FC Koln,3,1,H
D1,26/10/2019,14:30,Bayern Munich,Union Berlin,2,1,H
D1,26/10/2019,14:30,Freiburg,RB Leipzig,2,1,H
D1,26/10/2019,14:30,Hertha,Hoffenheim,2,3,A
D1,26/10/2019,14:30,Paderborn,Fortuna Dusseldorf,2,0,H
D1,26/10/2019,14:30,Schalke 04,Dortmund,0,0,D
D1,26/10/2019,17:30,Leverkusen,Werder Bremen,2,2,D
D1,27/10/2019,14:30,Wolfsburg,Augsburg,0,0,D
D1,27/10/2019,17:00,M'gladbach,Ein Frankfurt,4,2,H
D1,1/11/19,19:30,Hoffenheim,Paderborn,3,0,H
D1,2/11/19,14:30,Dortmund,Wolfsburg,3,0,H
D1,2/11/19,14:30,Ein Frankfurt,Bayern Munich,5,1,H
D1,2/11/19,14:30,Leverkusen,M'gladbach,1,2,A
D1,2/11/19,14:30,RB Leipzig,Mainz,8,0,H
D1,2/11/19,14:30,Werder Bremen,Freiburg,2,2,D
D1,2/11/19,17:30,Union Berlin,Hertha,1,0,H
D1,3/11/19,14:30,Fortuna Dusseldorf,FC Koln,2,0,H
D1,3/11/19,17:00,Augsburg,Schalke 04,2,3,A
D1,8/11/19,19:30,FC Koln,Hoffenheim,1,2,A
D1,9/11/19,14:30,Hertha,RB Leipzig,2,4,A
D1,9/11/19,14:30,Mainz,Union Berlin,2,3,A
D1,9/11/19,14:30,Paderborn,Augsburg,0,1,A
D1,9/11/19,14:30,Schalke 04,Fortuna Dusseldorf,3,3,D
D1,9/11/19,17:30,Bayern Munich,Dortmund,4,0,H
D1,10/11/19,12:30,M'gladbach,Werder Bremen,3,1,H
D1,10/11/19,14:30,Wolfsburg,Leverkusen,0,2,A
D1,10/11/19,17:00,Freiburg,Ein Frankfurt,1,0,H
D1,22/11/2019,19:30,Dortmund,Paderborn,3,3,D
D1,23/11/2019,14:30,Ein Frankfurt,Wolfsburg,0,2,A
D1,23/11/2019,14:30,Fortuna Dusseldorf,Bayern Munich,0,4,A
D1,23/11/2019,14:30,Leverkusen,Freiburg,1,1,D
D1,23/11/2019,14:30,Union Berlin,M'gladbach,2,0,H
D1,23/11/2019,14:30,Werder Bremen,Schalke 04,1,2,A
D1,23/11/2019,17:30,RB Leipzig,FC Koln,4,1,H
D1,24/11/2019,14:30,Augsburg,Hertha,4,0,H
D1,24/11/2019,17:00,Hoffenheim,Mainz,1,5,A
D1,29/11/2019,19:30,Schalke 04,Union Berlin,2,1,H
D1,30/11/2019,14:30,FC Koln,Augsburg,1,1,D
D1,30/11/2019,14:30,Hertha,Dortmund,1,2,A
D1,30/11/2019,14:30,Hoffenheim,Fortuna Dusseldorf,1,1,D
D1,30/11/2019,14:30,Paderborn,RB Leipzig,2,3,A
D1,30/11/2019,17:30,Bayern Munich,Leverkusen,1,2,A
D1,1/12/19,14:30,M'gladbach,Freiburg,4,2,H
D1,1/12/19,17:00,Wolfsburg,Werder Bremen,2,3,A
D1,2/12/19,19:30,Mainz,Ein Frankfurt,2,1,H
D1,6/12/19,19:30,Ein Frankfurt,Hertha,2,2,D
D1,7/12/19,14:30,Augsburg,Mainz,2,1,H
D1,7/12/19,14:30,Dortmund,Fortuna Dusseldorf,5,0,H
D1,7/12/19,14:30,Freiburg,Wolfsburg,1,0,H
D1,7/12/19,14:30,M'gladbach,Bayern Munich,2,1,H
D1,7/12/19,14:30,RB Leipzig,Hoffenheim,3,1,H
D1,7/12/19,17:30,Leverkusen,Schalke 04,2,1,H
D1,8/12/19,14:30,Union Berlin,FC Koln,2,0,H
D1,8/12/19,17:00,Werder Bremen,Paderborn,0,1,A
D1,13/12/2019,19:30,Hoffenheim,Augsburg,2,4,A
D1,14/12/2019,14:30,Bayern Munich,Werder Bremen,6,1,H
D1,14/12/2019,14:30,FC Koln,Leverkusen,2,0,H
D1,14/12/2019,14:30,Hertha,Freiburg,1,0,H
D1,14/12/2019,14:30,Mainz,Dortmund,0,4,A
D1,14/12/2019,14:30,Paderborn,Union Berlin,1,1,D
D1,14/12/2019,17:30,Fortuna Dusseldorf,RB Leipzig,0,3,A
D1,15/12/2019,14:30,Wolfsburg,M'gladbach,2,1,H
D1,15/12/2019,17:00,Schalke 04,Ein Frankfurt,1,0,H
D1,17/12/2019,17:30,Werder Bremen,Mainz,0,5,A
D1,17/12/2019,19:30,Augsburg,Fortuna Dusseldorf,3,0,H
D1,17/12/2019,19:30,Dortmund,RB Leipzig,3,3,D
D1,17/12/2019,19:30,Union Berlin,Hoffenheim,0,2,A
D1,18/12/2019,17:30,Leverkusen,Hertha,0,1,A
D1,18/12/2019,19:30,Ein Frankfurt,FC Koln,2,4,A
D1,18/12/2019,19:30,Freiburg,Bayern Munich,1,3,A
D1,18/12/2019,19:30,M'gladbach,Paderborn,2,0,H
D1,18/12/2019,19:30,Wolfsburg,Schalke 04,1,1,D
D1,20/12/2019,19:30,Hoffenheim,Dortmund,2,1,H
D1,21/12/2019,14:30,Bayern Munich,Wolfsburg,2,0,H
D1,21/12/2019,14:30,FC Koln,Werder Bremen,1,0,H
D1,21/12/2019,14:30,Mainz,Leverkusen,0,1,A
D1,21/12/2019,14:30,RB Leipzig,Augsburg,3,1,H
D1,21/12/2019,14:30,Schalke 04,Freiburg,2,2,D
D1,21/12/2019,17:30,Hertha,M'gladbach,0,0,D
D1,22/12/2019,14:30,Fortuna Dusseldorf,Union Berlin,2,1,H
D1,22/12/2019,17:00,Paderborn,Ein Frankfurt,2,1,H
D1,17/01/2020,19:30,Schalke 04,M'gladbach,2,0,H
D1,18/01/2020,14:30,Augsburg,Dortmund,3,5,A
D1,18/01/2020,14:30,FC Koln,Wolfsburg,3,1,H
D1,18/01/2020,14:30,Fortuna Dusseldorf,Werder Bremen,0,1,A
D1,18/01/2020,14:30,Hoffenheim,Ein Frankfurt,1,2,A
D1,18/01/2020,14:30,Mainz,Freiburg,1,2,A
D1,18/01/2020,17:30,RB Leipzig,Union Berlin,3,1,H
D1,19/01/2020,14:30,Hertha,Bayern Munich,0,4,A
D1,19/01/2020,17:00,Paderborn,Leverkusen,1,4,A
D1,24/01/2020,19:30,Dortmund,FC Koln,5,1,H
D1,25/01/2020,14:30,Ein Frankfurt,RB Leipzig,2,0,H
D1,25/01/2020,14:30,Freiburg,Paderborn,0,2,A
D1,25/01/2020,14:30,M'gladbach,Mainz,3,1,H
D1,25/01/2020,14:30,Union Berlin,Augsburg,2,0,H
D1,25/01/2020,14:30,Wolfsburg,Hertha,1,2,A
D1,25/01/2020,17:30,Bayern Munich,Schalke 04,5,0,H
D1,26/01/2020,14:30,Werder Bremen,Hoffenheim,0,3,A
D1,26/01/2020,17:00,Leverkusen,Fortuna Dusseldorf,3,0,H
D1,31/01/2020,19:30,Hertha,Schalke 04,0,0,D
D1,1/2/20,14:30,Augsburg,Werder Bremen,2,1,H
D1,1/2/20,14:30,Dortmund,Union Berlin,5,0,H
D1,1/2/20,14:30,Fortuna Dusseldorf,Ein Frankfurt,1,1,D
D1,1/2/20,14:30,Hoffenheim,Leverkusen,2,1,H
D1,1/2/20,14:30,Mainz,Bayern Munich,1,3,A
D1,1/2/20,17:30,RB Leipzig,M'gladbach,2,2,D
D1,2/2/20,14:30,FC Koln,Freiburg,4,0,H
D1,2/2/20,17:00,Paderborn,Wolfsburg,2,4,A
D1,7/2/20,19:30,Ein Frankfurt,Augsburg,5,0,H
D1,8/2/20,14:30,Freiburg,Hoffenheim,1,0,H
D1,8/2/20,14:30,Hertha,Mainz,1,3,A
D1,8/2/20,14:30,Schalke 04,Paderborn,1,1,D
D1,8/2/20,14:30,Werder Bremen,Union Berlin,0,2,A
D1,8/2/20,14:30,Wolfsburg,Fortuna Dusseldorf,1,1,D
D1,8/2/20,17:30,Leverkusen,Dortmund,4,3,H
D1,9/2/20,17:00,Bayern Munich,RB Leipzig,0,0,D
D1,14/02/2020,19:30,Dortmund,Ein Frankfurt,4,0,H
D1,15/02/2020,14:30,Augsburg,Freiburg,1,1,D
D1,15/02/2020,14:30,Hoffenheim,Wolfsburg,2,3,A
D1,15/02/2020,14:30,Paderborn,Hertha,1,2,A
D1,15/02/2020,14:30,RB Leipzig,Werder Bremen,3,0,H
D1,15/02/2020,14:30,Union Berlin,Leverkusen,2,3,A
D1,15/02/2020,17:30,Fortuna Dusseldorf,M'gladbach,1,4,A
D1,16/02/2020,14:30,FC Koln,Bayern Munich,1,4,A
D1,16/02/2020,17:00,Mainz,Schalke 04,0,0,D
D1,21/02/2020,19:30,Bayern Munich,Paderborn,3,2,H
D1,22/02/2020,14:30,Freiburg,Fortuna Dusseldorf,0,2,A
D1,22/02/2020,14:30,Hertha,FC Koln,0,5,A
D1,22/02/2020,14:30,M'gladbach,Hoffenheim,1,1,D
D1,22/02/2020,14:30,Werder Bremen,Dortmund,0,2,A
D1,22/02/2020,17:30,Schalke 04,RB Leipzig,0,5,A
D1,23/02/2020,14:30,Leverkusen,Augsburg,2,0,H
D1,23/02/2020,17:00,Wolfsburg,Mainz,4,0,H
D1,24/02/2020,19:30,Ein Frankfurt,Union Berlin,1,2,A
D1,28/02/2020,19:30,Fortuna Dusseldorf,Hertha,3,3,D
D1,29/02/2020,14:30,Augsburg,M'gladbach,2,3,A
D1,29/02/2020,14:30,Dortmund,Freiburg,1,0,H
D1,29/02/2020,14:30,Hoffenheim,Bayern Munich,0,6,A
D1,29/02/2020,14:30,Mainz,Paderborn,2,0,H
D1,29/02/2020,17:30,FC Koln,Schalke 04,3,0,H
D1,1/3/20,12:30,Union Berlin,Wolfsburg,2,2,D
D1,1/3/20,14:30,RB Leipzig,Leverkusen,1,1,D
D1,6/3/20,19:00,Paderborn,FC Koln,1,2,A
D1,7/3/20,14:30,Freiburg,Union Berlin,3,1,H
D1,7/3/20,14:30,Hertha,Werder Bremen,2,2,D
D1,7/3/20,14:30,Leverkusen,Ein Frankfurt,4,0,H
D1,7/3/20,14:30,Schalke 04,Hoffenheim,1,1,D
D1,7/3/20,14:30,Wolfsburg,RB Leipzig,0,0,D
D1,7/3/20,17:30,M'gladbach,Dortmund,1,2,A
D1,8/3/20,14:30,Bayern Munich,Augsburg,2,0,H
D1,8/3/20,17:00,Mainz,Fortuna Dusseldorf,1,1,D
D1,11/3/20,17:30,M'gladbach,FC Koln,2,1,H
D1,16/05/2020,14:30,Augsburg,Wolfsburg,1,2,A
D1,16/05/2020,14:30,Dortmund,Schalke 04,4,0,H
D1,16/05/2020,14:30,Fortuna Dusseldorf,Paderborn,0,0,D
D1,16/05/2020,14:30,Hoffenheim,Hertha,0,3,A
D1,16/05/2020,14:30,RB Leipzig,Freiburg,1,1,D
D1,16/05/2020,17:30,Ein Frankfurt,M'gladbach,1,3,A
D1,17/05/2020,14:30,FC Koln,Mainz,2,2,D
D1,17/05/2020,17:00,Union Berlin,Bayern Munich,0,2,A
D1,18/05/2020,19:30,Werder Bremen,Leverkusen,1,4,A
D1,22/05/2020,19:30,Hertha,Union Berlin,4,0,H
D1,23/05/2020,14:30,Freiburg,Werder Bremen,0,1,A
D1,23/05/2020,14:30,M'gladbach,Leverkusen,1,3,A
D1,23/05/2020,14:30,Paderborn,Hoffenheim,1,1,D
D1,23/05/2020,14:30,Wolfsburg,Dortmund,0,2,A
D1,23/05/2020,17:30,Bayern Munich,Ein Frankfurt,5,2,H
D1,24/05/2020,12:30,Schalke 04,Augsburg,0,3,A
D1,24/05/2020,14:30,Mainz,RB Leipzig,0,5,A
D1,24/05/2020,17:00,FC Koln,Fortuna Dusseldorf,2,2,D
D1,26/05/2020,17:30,Dortmund,Bayern Munich,0,1,A
D1,26/05/2020,19:30,Ein Frankfurt,Freiburg,3,3,D
D1,26/05/2020,19:30,Leverkusen,Wolfsburg,1,4,A
D1,26/05/2020,19:30,Werder Bremen,M'gladbach,0,0,D
D1,27/05/2020,17:30,RB Leipzig,Hertha,2,2,D
D1,27/05/2020,19:30,Augsburg,Paderborn,0,0,D
D1,27/05/2020,19:30,Fortuna Dusseldorf,Schalke 04,2,1,H
D1,27/05/2020,19:30,Hoffenheim,FC Koln,3,1,H
D1,27/05/2020,19:30,Union Berlin,Mainz,1,1,D
D1,29/05/2020,19:30,Freiburg,Leverkusen,0,1,A
D1,30/05/2020,14:30,Hertha,Augsburg,2,0,H
D1,30/05/2020,14:30,Mainz,Hoffenheim,0,1,A
D1,30/05/2020,14:30,Schalke 04,Werder Bremen,0,1,A
D1,30/05/2020,14:30,Wolfsburg,Ein Frankfurt,1,2,A
D1,30/05/2020,17:30,Bayern Munich,Fortuna Dusseldorf,5,0,H
D1,31/05/2020,14:30,M'gladbach,Union Berlin,4,1,H
D1,31/05/2020,17:00,Paderborn,Dortmund,1,6,A
D1,1/6/20,19:30,FC Koln,RB Leipzig,2,4,A
D1,3/6/20,19:30,Werder Bremen,Ein Frankfurt,0,3,A
D1,5/6/20,19:30,Freiburg,M'gladbach,1,0,H
D1,6/6/20,14:30,Ein Frankfurt,Mainz,0,2,A
D1,6/6/20,14:30,Fortuna Dusseldorf,Hoffenheim,2,2,D
D1,6/6/20,14:30,Leverkusen,Bayern Munich,2,4,A
D1,6/6/20,14:30,RB Leipzig,Paderborn,1,1,D
D1,6/6/20,17:30,Dortmund,Hertha,1,0,H
D1,7/6/20,12:30,Werder Bremen,Wolfsburg,0,1,A
D1,7/6/20,14:30,Union Berlin,Schalke 04,1,1,D
D1,7/6/20,17:00,Augsburg,FC Koln,1,1,D
D1,12/6/20,19:30,Hoffenheim,RB Leipzig,0,2,A
D1,13/06/2020,14:30,FC Koln,Union Berlin,1,2,A
D1,13/06/2020,14:30,Fortuna Dusseldorf,Dortmund,0,1,A
D1,13/06/2020,14:30,Hertha,Ein Frankfurt,1,4,A
D1,13/06/2020,14:30,Paderborn,Werder Bremen,1,5,A
D1,13/06/2020,14:30,Wolfsburg,Freiburg,2,2,D
D1,13/06/2020,17:30,Bayern Munich,M'gladbach,2,1,H
D1,14/06/2020,14:30,Mainz,Augsburg,0,1,A
D1,14/06/2020,17:00,Schalke 04,Leverkusen,1,1,D
D1,16/06/2020,17:30,M'gladbach,Wolfsburg,3,0,H
D1,16/06/2020,19:30,Freiburg,Hertha,2,1,H
D1,16/06/2020,19:30,Union Berlin,Paderborn,1,0,H
D1,16/06/2020,19:30,Werder Bremen,Bayern Munich,0,1,A
D1,17/06/2020,17:30,Ein Frankfurt,Schalke 04,2,1,H
D1,17/06/2020,19:30,Augsburg,Hoffenheim,1,3,A
D1,17/06/2020,19:30,Dortmund,Mainz,0,2,A
D1,17/06/2020,19:30,Leverkusen,FC Koln,3,1,H
D1,17/06/2020,19:30,RB Leipzig,Fortuna Dusseldorf,2,2,D
D1,20/06/2020,14:30,Bayern Munich,Freiburg,3,1,H
D1,20/06/2020,14:30,FC Koln,Ein Frankfurt,1,1,D
D1,20/06/2020,14:30,Fortuna Dusseldorf,Augsburg,1,1,D
D1,20/06/2020,14:30,Hertha,Leverkusen,2,0,H
D1,20/06/2020,14:30,Hoffenheim,Union Berlin,4,0,H
D1,20/06/2020,14:30,Mainz,Werder Bremen,3,1,H
D1,20/06/2020,14:30,Paderborn,M'gladbach,1,3,A
D1,20/06/2020,14:30,RB Leipzig,Dortmund,0,2,A
D1,20/06/2020,14:30,Schalke 04,Wolfsburg,1,4,A
D1,27/06/2020,14:30,Augsburg,RB Leipzig,1,2,A
D1,27/06/2020,14:30,Dortmund,Hoffenheim,0,4,A
D1,27/06/2020,14:30,Ein Frankfurt,Paderborn,3,2,H
D1,27/06/2020,14:30,Freiburg,Schalke 04,4,0,H
D1,27/06/2020,14:30,Leverkusen,Mainz,1,0,H
D1,27/06/2020,14:30,M'gladbach,Hertha,2,1,H
D1,27/06/2020,14:30,Union Berlin,Fortuna Dusseldorf,3,0,H
D1,27/06/2020,14:30,Werder Bremen,FC Koln,6,1,H
D1,27/06/2020,14:30,Wolfsburg,Bayern Munich,0,4,A
I1,24/08/2019,17:00,Parma,Juventus,0,1,A
I1,24/08/2019,19:45,Fiorentina,Napoli,3,4,A
I1,25/08/2019,17:00,Udinese,Milan,1,0,H
I1,25/08/2019,19:45,Cagliari,Brescia,0,1,A
I1,25/08/2019,19:45,Roma,Genoa,3,3,D
I1,25/08/2019,19:45,Sampdoria,Lazio,0,3,A
I1,25/08/2019,19:45,Spal,Atalanta,2,3,A
I1,25/08/2019,19:45,Torino,Sassuolo,2,1,H
I1,25/08/2019,19:45,Verona,Bologna,1,1,D
I1,26/08/2019,19:45,Inter,Lecce,4,0,H
I1,30/08/2019,19:45,Bologna,Spal,1,0,H
I1,31/08/2019,17:00,Milan,Brescia,1,0,H
I1,31/08/2019,19:45,Juventus,Napoli,4,3,H
I1,1/9/19,17:00,Lazio,Roma,1,1,D
I1,1/9/19,19:45,Atalanta,Torino,2,3,A
I1,1/9/19,19:45,Cagliari,Inter,1,2,A
I1,1/9/19,19:45,Genoa,Fiorentina,2,1,H
I1,1/9/19,19:45,Lecce,Verona,0,1,A
I1,1/9/19,19:45,Sassuolo,Sampdoria,4,1,H
I1,1/9/19,19:45,Udinese,Parma,1,3,A
I1,14/09/2019,14:00,Fiorentina,Juventus,0,0,D
I1,14/09/2019,17:00,Napoli,Sampdoria,2,0,H
I1,14/09/2019,19:45,Inter,Udinese,1,0,H
I1,15/09/2019,11:30,Genoa,Atalanta,1,2,A
I1,15/09/2019,14:00,Brescia,Bologna,3,4,A
I1,15/09/2019,14:00,Parma,Cagliari,1,3,A
I1,15/09/2019,14:00,Spal,Lazio,2,1,H
I1,15/09/2019,17:00,Roma,Sassuolo,4,2,H
I1,15/09/2019,19:45,Verona,Milan,0,1,A
I1,16/09/2019,19:45,Torino,Lecce,1,2,A
I1,20/09/2019,19:45,Cagliari,Genoa,3,1,H
I1,21/09/2019,14:00,Udinese,Brescia,0,1,A
I1,21/09/2019,17:00,Juventus,Verona,2,1,H
I1,21/09/2019,19:45,Milan,Inter,0,2,A
I1,22/09/2019,11:30,Sassuolo,Spal,3,0,H
I1,22/09/2019,14:00,Bologna,Roma,1,2,A
I1,22/09/2019,14:00,Lecce,Napoli,1,4,A
I1,22/09/2019,14:00,Sampdoria,Torino,1,0,H
I1,22/09/2019,17:00,Atalanta,Fiorentina,2,2,D
I1,22/09/2019,19:45,Lazio,Parma,2,0,H
I1,24/09/2019,18:00,Verona,Udinese,0,0,D
I1,24/09/2019,20:00,Brescia,Juventus,1,2,A
I1,25/09/2019,18:00,Roma,Atalanta,0,2,A
I1,25/09/2019,20:00,Fiorentina,Sampdoria,2,1,H
I1,25/09/2019,20:00,Genoa,Bologna,0,0,D
I1,25/09/2019,20:00,Inter,Lazio,1,0,H
I1,25/09/2019,20:00,Napoli,Cagliari,0,1,A
I1,25/09/2019,20:00,Parma,Sassuolo,1,0,H
I1,25/09/2019,20:00,Spal,Lecce,1,3,A
I1,26/09/2019,20:00,Torino,Milan,2,1,H
I1,28/09/2019,14:00,Juventus,Spal,2,0,H
I1,28/09/2019,17:00,Sampdoria,Inter,1,3,A
I1,28/09/2019,19:45,Sassuolo,Atalanta,1,4,A
I1,29/09/2019,11:30,Napoli,Brescia,2,1,H
I1,29/09/2019,14:00,Lazio,Genoa,4,0,H
I1,29/09/2019,14:00,Lecce,Roma,0,1,A
I1,29/09/2019,14:00,Udinese,Bologna,1,0,H
I1,29/09/2019,17:00,Cagliari,Verona,1,1,D
I1,29/09/2019,19:45,Milan,Fiorentina,1,3,A
I1,30/09/2019,19:45,Parma,Torino,3,2,H
I1,5/10/19,14:00,Spal,Parma,1,0,H
I1,5/10/19,17:00,Verona,Sampdoria,2,0,H
I1,5/10/19,19:45,Genoa,Milan,1,2,A
I1,6/10/19,11:30,Fiorentina,Udinese,1,0,H
I1,6/10/19,14:00,Atalanta,Lecce,3,1,H
I1,6/10/19,14:00,Bologna,Lazio,2,2,D
I1,6/10/19,14:00,Roma,Cagliari,1,1,D
I1,6/10/19,17:00,Torino,Napoli,0,0,D
I1,6/10/19,19:45,Inter,Juventus,1,2,A
I1,19/10/2019,14:00,Lazio,Atalanta,3,3,D
I1,19/10/2019,17:00,Napoli,Verona,2,0,H
I1,19/10/2019,19:45,Juventus,Bologna,2,1,H
I1,20/10/2019,11:30,Sassuolo,Inter,3,4,A
I1,20/10/2019,14:00,Cagliari,Spal,2,0,H
I1,20/10/2019,14:00,Sampdoria,Roma,0,0,D
I1,20/10/2019,14:00,Udinese,Torino,1,0,H
I1,20/10/2019,17:00,Parma,Genoa,5,1,H
I1,20/10/2019,19:45,Milan,Lecce,2,2,D
I1,21/10/2019,19:45,Brescia,Fiorentina,0,0,D
I1,25/10/2019,19:45,Verona,Sassuolo,0,1,A
I1,26/10/2019,14:00,Lecce,Juventus,1,1,D
I1,26/10/2019,17:00,Inter,Parma,2,2,D
I1,26/10/2019,19:45,Genoa,Brescia,3,1,H
I1,27/10/2019,11:30,Bologna,Sampdoria,2,1,H
I1,27/10/2019,14:00,Atalanta,Udinese,7,1,H
I1,27/10/2019,14:00,Spal,Napoli,1,1,D
I1,27/10/2019,14:00,Torino,Cagliari,1,1,D
I1,27/10/2019,17:00,Roma,Milan,2,1,H
I1,27/10/2019,19:45,Fiorentina,Lazio,1,2,A
I1,29/10/2019,18:00,Parma,Verona,0,1,A
I1,29/10/2019,20:00,Brescia,Inter,1,2,A
I1,30/10/2019,18:00,Napoli,Atalanta,2,2,D
I1,30/10/2019,20:00,Cagliari,Bologna,3,2,H
I1,30/10/2019,20:00,Juventus,Genoa,2,1,H
I1,30/10/2019,20:00,Lazio,Torino,4,0,H
I1,30/10/2019,20:00,Sampdoria,Lecce,1,1,D
I1,30/10/2019,20:00,Sassuolo,Fiorentina,1,2,A
I1,30/10/2019,20:00,Udinese,Roma,0,4,A
I1,31/10/2019,20:00,Milan,Spal,1,0,H
I1,2/11/19,14:00,Roma,Napoli,2,1,H
I1,2/11/19,17:00,Bologna,Inter,1,2,A
I1,2/11/19,19:45,Torino,Juventus,0,1,A
I1,3/11/19,11:30,Atalanta,Cagliari,0,2,A
I1,3/11/19,14:00,Genoa,Udinese,1,3,A
I1,3/11/19,14:00,Lecce,Sassuolo,2,2,D
I1,3/11/19,14:00,Verona,Brescia,2,1,H
I1,3/11/19,17:00,Fiorentina,Parma,1,1,D
I1,3/11/19,19:45,Milan,Lazio,1,2,A
I1,4/11/19,19:45,Spal,Sampdoria,0,1,A
I1,8/11/19,19:45,Sassuolo,Bologna,3,1,H
I1,9/11/19,14:00,Brescia,Torino,0,4,A
I1,9/11/19,17:00,Inter,Verona,2,1,H
I1,9/11/19,19:45,Napoli,Genoa,0,0,D
I1,10/11/19,11:30,Cagliari,Fiorentina,5,2,H
I1,10/11/19,14:00,Lazio,Lecce,4,2,H
I1,10/11/19,14:00,Sampdoria,Atalanta,0,0,D
I1,10/11/19,14:00,Udinese,Spal,0,0,D
I1,10/11/19,17:00,Parma,Roma,2,0,H
I1,10/11/19,19:45,Juventus,Milan,1,0,H
I1,23/11/2019,14:00,Atalanta,Juventus,1,3,A
I1,23/11/2019,17:00,Milan,Napoli,1,1,D
I1,23/11/2019,19:45,Torino,Inter,0,3,A
I1,24/11/2019,11:30,Bologna,Parma,2,2,D
I1,24/11/2019,14:00,Roma,Brescia,3,0,H
I1,24/11/2019,14:00,Sassuolo,Lazio,1,2,A
I1,24/11/2019,14:00,Verona,Fiorentina,1,0,H
I1,24/11/2019,17:00,Sampdoria,Udinese,2,1,H
I1,25/11/2019,14:00,Lecce,Cagliari,2,2,D
I1,25/11/2019,19:45,Spal,Genoa,1,1,D
I1,30/11/2019,14:00,Brescia,Atalanta,0,3,A
I1,30/11/2019,17:00,Genoa,Torino,0,1,A
I1,30/11/2019,19:45,Fiorentina,Lecce,0,1,A
I1,1/12/19,11:30,Juventus,Sassuolo,2,2,D
I1,1/12/19,14:00,Inter,Spal,2,1,H
I1,1/12/19,14:00,Lazio,Udinese,3,0,H
I1,1/12/19,14:00,Parma,Milan,0,1,A
I1,1/12/19,17:00,Napoli,Bologna,1,2,A
I1,1/12/19,19:45,Verona,Roma,1,3,A
I1,2/12/19,19:45,Cagliari,Sampdoria,4,3,H
I1,6/12/19,19:45,Inter,Roma,0,0,D
I1,7/12/19,14:00,Atalanta,Verona,3,2,H
I1,7/12/19,17:00,Udinese,Napoli,1,1,D
I1,7/12/19,19:45,Lazio,Juventus,3,1,H
I1,8/12/19,11:30,Lecce,Genoa,2,2,D
I1,8/12/19,14:00,Sassuolo,Cagliari,2,2,D
I1,8/12/19,14:00,Spal,Brescia,0,1,A
I1,8/12/19,14:00,Torino,Fiorentina,2,1,H
I1,8/12/19,17:00,Sampdoria,Parma,0,1,A
I1,8/12/19,19:45,Bologna,Milan,2,3,A
I1,14/12/2019,14:00,Brescia,Lecce,3,0,H
I1,14/12/2019,17:00,Napoli,Parma,1,2,A
I1,14/12/2019,19:45,Genoa,Sampdoria,0,1,A
I1,15/12/2019,11:30,Verona,Torino,3,3,D
I1,15/12/2019,14:00,Bologna,Atalanta,2,1,H
I1,15/12/2019,14:00,Juventus,Udinese,3,1,H
I1,15/12/2019,14:00,Milan,Sassuolo,0,0,D
I1,15/12/2019,17:00,Roma,Spal,3,1,H
I1,15/12/2019,19:45,Fiorentina,Inter,1,1,D
I1,16/12/2019,19:45,Cagliari,Lazio,1,2,A
I1,18/12/2019,17:55,Sampdoria,Juventus,1,2,A
I1,18/12/2019,19:45,Brescia,Sassuolo,0,2,A
I1,20/12/2019,19:45,Fiorentina,Roma,1,4,A
I1,21/12/2019,14:00,Udinese,Cagliari,2,1,H
I1,21/12/2019,17:00,Inter,Genoa,4,0,H
I1,21/12/2019,19:45,Torino,Spal,1,2,A
I1,22/12/2019,11:30,Atalanta,Milan,5,0,H
I1,22/12/2019,14:00,Lecce,Bologna,2,3,A
I1,22/12/2019,14:00,Parma,Brescia,1,1,D
I1,22/12/2019,19:45,Sassuolo,Napoli,1,2,A
I1,5/1/20,11:30,Brescia,Lazio,1,2,A
I1,5/1/20,14:00,Spal,Verona,0,2,A
I1,5/1/20,17:00,Genoa,Sassuolo,2,1,H
I1,5/1/20,19:45,Roma,Torino,0,2,A
I1,6/1/20,11:30,Bologna,Fiorentina,1,1,D
I1,6/1/20,14:00,Atalanta,Parma,5,0,H
I1,6/1/20,14:00,Juventus,Cagliari,4,0,H
I1,6/1/20,14:00,Milan,Sampdoria,0,0,D
I1,6/1/20,17:00,Lecce,Udinese,0,1,A
I1,6/1/20,19:45,Napoli,Inter,1,3,A
I1,11/1/20,14:00,Cagliari,Milan,0,2,A
I1,11/1/20,17:00,Lazio,Napoli,1,0,H
I1,11/1/20,19:45,Inter,Atalanta,1,1,D
I1,12/1/20,11:30,Udinese,Sassuolo,3,0,H
I1,12/1/20,14:00,Fiorentina,Spal,1,0,H
I1,12/1/20,14:00,Sampdoria,Brescia,5,1,H
I1,12/1/20,14:00,Torino,Bologna,1,0,H
I1,12/1/20,17:00,Verona,Genoa,2,1,H
I1,12/1/20,19:45,Roma,Juventus,1,2,A
I1,13/01/2020,19:45,Parma,Lecce,2,0,H
I1,18/01/2020,14:00,Lazio,Sampdoria,5,1,H
I1,18/01/2020,17:00,Sassuolo,Torino,2,1,H
I1,18/01/2020,19:45,Napoli,Fiorentina,0,2,A
I1,19/01/2020,11:30,Milan,Udinese,3,2,H
I1,19/01/2020,14:00,Bologna,Verona,1,1,D
I1,19/01/2020,14:00,Brescia,Cagliari,2,2,D
I1,19/01/2020,14:00,Lecce,Inter,1,1,D
I1,19/01/2020,17:00,Genoa,Roma,1,3,A
I1,19/01/2020,19:45,Juventus,Parma,2,1,H
I1,20/01/2020,19:45,Atalanta,Spal,1,2,A
I1,24/01/2020,19:45,Brescia,Milan,0,1,A
I1,25/01/2020,14:00,Spal,Bologna,1,3,A
I1,25/01/2020,17:00,Fiorentina,Genoa,0,0,D
I1,25/01/2020,19:45,Torino,Atalanta,0,7,A
I1,26/01/2020,11:30,Inter,Cagliari,1,1,D
I1,26/01/2020,14:00,Parma,Udinese,2,0,H
I1,26/01/2020,14:00,Sampdoria,Sassuolo,0,0,D
I1,26/01/2020,14:00,Verona,Lecce,3,0,H
I1,26/01/2020,17:00,Roma,Lazio,1,1,D
I1,26/01/2020,19:45,Napoli,Juventus,2,1,H
I1,1/2/20,14:00,Bologna,Brescia,2,1,H
I1,1/2/20,17:00,Cagliari,Parma,2,2,D
I1,1/2/20,19:45,Sassuolo,Roma,4,2,H
I1,2/2/20,11:30,Juventus,Fiorentina,3,0,H
I1,2/2/20,14:00,Atalanta,Genoa,2,2,D
I1,2/2/20,14:00,Lazio,Spal,5,1,H
I1,2/2/20,14:00,Milan,Verona,1,1,D
I1,2/2/20,17:00,Lecce,Torino,4,0,H
I1,2/2/20,19:45,Udinese,Inter,0,2,A
I1,3/2/20,19:45,Sampdoria,Napoli,2,4,A
I1,5/2/20,19:45,Lazio,Verona,0,0,D
I1,7/2/20,19:45,Roma,Bologna,2,3,A
I1,8/2/20,14:00,Fiorentina,Atalanta,1,2,A
I1,8/2/20,17:00,Torino,Sampdoria,1,3,A
I1,8/2/20,19:45,Verona,Juventus,2,1,H
I1,9/2/20,11:30,Spal,Sassuolo,1,2,A
I1,9/2/20,14:00,Brescia,Udinese,1,1,D
I1,9/2/20,14:00,Genoa,Cagliari,1,0,H
I1,9/2/20,14:00,Napoli,Lecce,2,3,A
I1,9/2/20,17:00,Parma,Lazio,0,1,A
I1,9/2/20,19:45,Inter,Milan,4,2,H
I1,15/02/2020,14:00,Lecce,Spal,2,1,H
I1,15/02/2020,17:00,Bologna,Genoa,0,3,A
I1,15/02/2020,19:45,Atalanta,Roma,2,1,H
I1,16/02/2020,11:30,Udinese,Verona,0,0,D
I1,16/02/2020,14:00,Juventus,Brescia,2,0,H
I1,16/02/2020,14:00,Sampdoria,Fiorentina,1,5,A
I1,16/02/2020,14:00,Sassuolo,Parma,0,1,A
I1,16/02/2020,17:00,Cagliari,Napoli,0,1,A
I1,16/02/2020,19:45,Lazio,Inter,2,1,H
I1,17/02/2020,19:45,Milan,Torino,1,0,H
I1,21/02/2020,19:45,Brescia,Napoli,1,2,A
I1,22/02/2020,14:00,Bologna,Udinese,1,1,D
I1,22/02/2020,17:00,Spal,Juventus,1,2,A
I1,22/02/2020,19:45,Fiorentina,Milan,1,1,D
I1,23/02/2020,11:30,Genoa,Lazio,2,3,A
I1,23/02/2020,17:00,Roma,Lecce,4,0,H
I1,29/02/2020,14:00,Lazio,Bologna,2,0,H
I1,29/02/2020,19:45,Napoli,Torino,2,1,H
I1,1/3/20,14:00,Lecce,Atalanta,2,7,A
I1,1/3/20,17:00,Cagliari,Roma,3,4,A
I1,8/3/20,11:30,Parma,Spal,0,1,A
I1,8/3/20,14:00,Milan,Genoa,1,2,A
I1,8/3/20,14:00,Sampdoria,Verona,2,1,H
I1,8/3/20,17:00,Udinese,Fiorentina,0,0,D
I1,8/3/20,19:45,Juventus,Inter,2,0,H
I1,9/3/20,17:30,Sassuolo,Brescia,3,0,H
I1,20/06/2020,18:30,Torino,Parma,1,1,D
I1,20/06/2020,20:45,Verona,Cagliari,2,1,H
I1,21/06/2020,18:30,Atalanta,Sassuolo,4,1,H
I1,21/06/2020,20:45,Inter,Sampdoria,2,1,H
I1,22/06/2020,18:30,Fiorentina,Brescia,1,1,D
I1,22/06/2020,18:30,Lecce,Milan,1,4,A
I1,22/06/2020,20:45,Bologna,Juventus,0,2,A
I1,23/06/2020,18:30,Spal,Cagliari,0,1,A
I1,23/06/2020,18:30,Verona,Napoli,0,2,A
I1,23/06/2020,20:45,Genoa,Parma,1,4,A
I1,23/06/2020,20:45,Torino,Udinese,1,0,H
I1,24/06/2020,18:30,Inter,Sassuolo,3,3,D
I1,24/06/2020,20:45,Atalanta,Lazio,3,2,H
I1,24/06/2020,20:45,Roma,Sampdoria,2,1,H
I1,26/06/2020,20:45,Juventus,Lecce,4,0,H
I1,27/06/2020,16:15,Brescia,Genoa,2,2,D
I1,27/06/2020,18:30,Cagliari,Torino,4,2,H
I1,27/06/2020,20:45,Lazio,Fiorentina,2,1,H
I1,28/06/2020,16:15,Milan,Roma,2,0,H
I1,28/06/2020,18:30,Napoli,Spal,3,1,H
I1,28/06/2020,18:30,Sampdoria,Bologna,1,2,A
I1,28/06/2020,18:30,Sassuolo,Verona,3,3,D
I1,28/06/2020,18:30,Udinese,Atalanta,2,3,A
I1,28/06/2020,20:45,Parma,Inter,1,2,A
I1,30/06/2020,18:30,Torino,Lazio,1,2,A
I1,30/06/2020,20:45,Genoa,Juventus,1,3,A
I1,1/7/20,18:30,Bologna,Cagliari,1,1,D
I1,1/7/20,18:30,Inter,Brescia,6,0,H
I1,1/7/20,20:45,Fiorentina,Sassuolo,1,3,A
I1,1/7/20,20:45,Lecce,Sampdoria,1,2,A
I1,1/7/20,20:45,Spal,Milan,2,2,D
I1,1/7/20,20:45,Verona,Parma,3,2,H
I1,2/7/20,18:30,Atalanta,Napoli,2,0,H
I1,2/7/20,20:45,Roma,Udinese,0,2,A
I1,4/7/20,16:15,Juventus,Torino,4,1,H
I1,4/7/20,18:30,Sassuolo,Lecce,4,2,H
I1,4/7/20,20:45,Lazio,Milan,0,3,A
I1,5/7/20,16:15,Inter,Bologna,1,2,A
I1,5/7/20,18:30,Brescia,Verona,2,0,H
I1,5/7/20,18:30,Cagliari,Atalanta,0,1,A
I1,5/7/20,18:30,Parma,Fiorentina,1,2,A
I1,5/7/20,18:30,Sampdoria,Spal,3,0,H
I1,5/7/20,18:30,Udinese,Genoa,2,2,D
I1,5/7/20,20:45,Napoli,Roma,2,1,H
I1,7/7/20,18:30,Lecce,Lazio,2,1,H
I1,7/7/20,20:45,Milan,Juventus,4,2,H
I1,8/7/20,18:30,Fiorentina,Cagliari,0,0,D
I1,8/7/20,18:30,Genoa,Napoli,1,2,A
I1,8/7/20,20:45,Atalanta,Sampdoria,2,0,H
I1,8/7/20,20:45,Bologna,Sassuolo,1,2,A
I1,8/7/20,20:45,Roma,Parma,2,1,H
I1,8/7/20,20:45,Torino,Brescia,3,1,H
I1,9/7/20,18:30,Spal,Udinese,0,3,A
I1,9/7/20,20:45,Verona,Inter,2,2,D
I1,11/7/20,16:15,Lazio,Sassuolo,1,2,A
I1,11/7/20,18:30,Brescia,Roma,0,3,A
I1,11/7/20,20:45,Juventus,Atalanta,2,2,D
I1,12/7/20,16:15,Genoa,Spal,2,0,H
I1,12/7/20,18:30,Cagliari,Lecce,0,0,D
I1,12/7/20,18:30,Fiorentina,Verona,1,1,D
I1,12/7/20,18:30,Parma,Bologna,2,2,D
I1,12/7/20,18:30,Udinese,Sampdoria,1,3,A
I1,12/7/20,20:45,Napoli,Milan,2,2,D
I1,13/07/2020,20:45,Inter,Torino,3,1,H
SP1,16/08/2019,20:00,Ath Bilbao,Barcelona,1,0,H
SP1,17/08/2019,16:00,Celta,Real Madrid,1,3,A
SP1,17/08/2019,18:00,Valencia,Sociedad,1,1,D
SP1,17/08/2019,19:00,Mallorca,Eibar,2,1,H
SP1,17/08/2019,20:00,Leganes,Osasuna,0,1,A
SP1,17/08/2019,20:00,Villarreal,Granada,4,4,D
SP1,18/08/2019,16:00,Alaves,Levante,1,0,H
SP1,18/08/2019,18:00,Espanol,Sevilla,0,2,A
SP1,18/08/2019,20:00,Betis,Valladolid,1,2,A
SP1,18/08/2019,21:00,Ath Madrid,Getafe,1,0,H
SP1,23/08/2019,19:00,Granada,Sevilla,0,1,A
SP1,23/08/2019,21:00,Levante,Villarreal,2,1,H
SP1,24/08/2019,16:00,Osasuna,Eibar,0,0,D
SP1,24/08/2019,18:00,Real Madrid,Valladolid,1,1,D
SP1,24/08/2019,20:00,Celta,Valencia,1,0,H
SP1,24/08/2019,20:00,Getafe,Ath Bilbao,1,1,D
SP1,25/08/2019,16:00,Alaves,Espanol,0,0,D
SP1,25/08/2019,16:00,Mallorca,Sociedad,0,1,A
SP1,25/08/2019,18:00,Leganes,Ath Madrid,0,1,A
SP1,25/08/2019,20:00,Barcelona,Betis,5,2,H
SP1,30/08/2019,19:00,Sevilla,Celta,1,1,D
SP1,30/08/2019,21:00,Ath Bilbao,Sociedad,2,0,H
SP1,31/08/2019,16:00,Osasuna,Barcelona,2,2,D
SP1,31/08/2019,18:00,Getafe,Alaves,1,1,D
SP1,31/08/2019,18:00,Levante,Valladolid,2,0,H
SP1,31/08/2019,20:00,Betis,Leganes,2,1,H
SP1,1/9/19,16:00,Valencia,Mallorca,2,0,H
SP1,1/9/19,18:00,Ath Madrid,Eibar,3,2,H
SP1,1/9/19,18:00,Espanol,Granada,0,3,A
SP1,1/9/19,20:00,Villarreal,Real Madrid,2,2,D
SP1,13/09/2019,20:00,Mallorca,Ath Bilbao,0,0,D
SP1,14/09/2019,12:00,Real Madrid,Levante,3,2,H
SP1,14/09/2019,15:00,Leganes,Villarreal,0,3,A
SP1,14/09/2019,17:30,Sociedad,Ath Madrid,2,0,H
SP1,14/09/2019,20:00,Barcelona,Valencia,5,2,H
SP1,15/09/2019,11:00,Eibar,Espanol,1,2,A
SP1,15/09/2019,13:00,Alaves,Sevilla,0,1,A
SP1,15/09/2019,15:00,Celta,Granada,0,2,A
SP1,15/09/2019,17:30,Valladolid,Osasuna,1,1,D
SP1,15/09/2019,20:00,Betis,Getafe,1,1,D
SP1,20/09/2019,20:00,Osasuna,Betis,0,0,D
SP1,21/09/2019,12:00,Villarreal,Valladolid,2,0,H
SP1,21/09/2019,15:00,Levante,Eibar,0,0,D
SP1,21/09/2019,17:30,Ath Madrid,Celta,0,0,D
SP1,21/09/2019,20:00,Granada,Barcelona,2,0,H
SP1,22/09/2019,11:00,Getafe,Mallorca,4,2,H
SP1,22/09/2019,13:00,Espanol,Sociedad,1,3,A
SP1,22/09/2019,15:00,Valencia,Leganes,1,1,D
SP1,22/09/2019,17:30,Ath Bilbao,Alaves,2,0,H
SP1,22/09/2019,20:00,Sevilla,Real Madrid,0,1,A
SP1,24/09/2019,18:00,Valladolid,Granada,1,1,D
SP1,24/09/2019,19:00,Betis,Levante,3,1,H
SP1,24/09/2019,20:00,Barcelona,Villarreal,2,1,H
SP1,25/09/2019,18:00,Leganes,Ath Bilbao,1,1,D
SP1,25/09/2019,18:00,Mallorca,Ath Madrid,0,2,A
SP1,25/09/2019,19:00,Valencia,Getafe,3,3,D
SP1,25/09/2019,20:00,Real Madrid,Osasuna,2,0,H
SP1,26/09/2019,18:00,Eibar,Sevilla,3,2,H
SP1,26/09/2019,19:00,Celta,Espanol,1,1,D
SP1,26/09/2019,20:00,Sociedad,Alaves,3,0,H
SP1,27/09/2019,20:00,Villarreal,Betis,5,1,H
SP1,28/09/2019,12:00,Ath Bilbao,Valencia,0,1,A
SP1,28/09/2019,15:00,Getafe,Barcelona,0,2,A
SP1,28/09/2019,17:30,Granada,Leganes,1,0,H
SP1,28/09/2019,20:00,Ath Madrid,Real Madrid,0,0,D
SP1,29/09/2019,11:00,Espanol,Valladolid,0,2,A
SP1,29/09/2019,13:00,Eibar,Celta,2,0,H
SP1,29/09/2019,15:00,Alaves,Mallorca,2,0,H
SP1,29/09/2019,17:30,Levante,Osasuna,1,1,D
SP1,29/09/2019,20:00,Sevilla,Sociedad,3,2,H
SP1,4/10/19,20:00,Betis,Eibar,1,1,D
SP1,5/10/19,12:00,Leganes,Levante,1,2,A
SP1,5/10/19,15:00,Real Madrid,Granada,4,2,H
SP1,5/10/19,17:30,Valencia,Alaves,2,1,H
SP1,5/10/19,20:00,Osasuna,Villarreal,2,1,H
SP1,6/10/19,11:00,Mallorca,Espanol,2,0,H
SP1,6/10/19,13:00,Celta,Ath Bilbao,1,0,H
SP1,6/10/19,15:00,Valladolid,Ath Madrid,0,0,D
SP1,6/10/19,17:30,Sociedad,Getafe,1,2,A
SP1,6/10/19,20:00,Barcelona,Sevilla,4,0,H
SP1,18/10/2019,20:00,Granada,Osasuna,1,0,H
SP1,19/10/2019,12:00,Eibar,Barcelona,0,3,A
SP1,19/10/2019,15:00,Ath Madrid,Valencia,1,1,D
SP1,19/10/2019,17:30,Getafe,Leganes,2,0,H
SP1,19/10/2019,20:00,Mallorca,Real Madrid,1,0,H
SP1,20/10/2019,11:00,Alaves,Celta,2,0,H
SP1,20/10/2019,13:00,Sociedad,Betis,3,1,H
SP1,20/10/2019,15:00,Espanol,Villarreal,0,1,A
SP1,20/10/2019,17:30,Ath Bilbao,Valladolid,1,1,D
SP1,20/10/2019,20:00,Sevilla,Levante,1,0,H
SP1,25/10/2019,20:00,Villarreal,Alaves,4,1,H
SP1,26/10/2019,15:00,Leganes,Mallorca,1,0,H
SP1,26/10/2019,17:30,Valladolid,Eibar,2,0,H
SP1,26/10/2019,20:00,Ath Madrid,Ath Bilbao,2,0,H
SP1,27/10/2019,11:00,Celta,Sociedad,0,1,A
SP1,27/10/2019,13:00,Granada,Betis,1,0,H
SP1,27/10/2019,15:00,Levante,Espanol,0,1,A
SP1,27/10/2019,17:30,Sevilla,Getafe,2,0,H
SP1,27/10/2019,20:00,Osasuna,Valencia,3,1,H
SP1,29/10/2019,18:00,Alaves,Ath Madrid,1,1,D
SP1,29/10/2019,20:15,Barcelona,Valladolid,5,1,H
SP1,30/10/2019,18:00,Sociedad,Levante,1,2,A
SP1,30/10/2019,18:00,Valencia,Sevilla,1,1,D
SP1,30/10/2019,19:00,Ath Bilbao,Espanol,3,0,H
SP1,30/10/2019,20:00,Betis,Celta,2,1,H
SP1,30/10/2019,20:15,Real Madrid,Leganes,5,0,H
SP1,31/10/2019,18:00,Eibar,Villarreal,2,1,H
SP1,31/10/2019,18:00,Mallorca,Osasuna,2,2,D
SP1,31/10/2019,20:15,Getafe,Granada,3,1,H
SP1,2/11/19,12:00,Espanol,Valencia,1,2,A
SP1,2/11/19,15:00,Levante,Barcelona,3,1,H
SP1,2/11/19,17:30,Sevilla,Ath Madrid,1,1,D
SP1,2/11/19,20:00,Real Madrid,Betis,0,0,D
SP1,3/11/19,11:00,Valladolid,Mallorca,3,0,H
SP1,3/11/19,13:00,Villarreal,Ath Bilbao,0,0,D
SP1,3/11/19,15:00,Osasuna,Alaves,4,2,H
SP1,3/11/19,17:30,Celta,Getafe,0,1,A
SP1,3/11/19,17:30,Leganes,Eibar,1,2,A
SP1,3/11/19,20:00,Granada,Sociedad,1,2,A
SP1,8/11/19,20:00,Sociedad,Leganes,1,1,D
SP1,9/11/19,12:00,Alaves,Valladolid,3,0,H
SP1,9/11/19,15:00,Valencia,Granada,2,0,H
SP1,9/11/19,17:30,Eibar,Real Madrid,0,4,A
SP1,9/11/19,20:00,Barcelona,Celta,4,1,H
SP1,10/11/19,11:00,Mallorca,Villarreal,3,1,H
SP1,10/11/19,13:00,Ath Bilbao,Levante,2,1,H
SP1,10/11/19,15:00,Ath Madrid,Espanol,3,1,H
SP1,10/11/19,17:30,Getafe,Osasuna,0,0,D
SP1,10/11/19,20:00,Betis,Sevilla,1,2,A
SP1,22/11/2019,20:00,Levante,Mallorca,2,1,H
SP1,23/11/2019,12:00,Leganes,Barcelona,1,2,A
SP1,23/11/2019,15:00,Betis,Valencia,2,1,H
SP1,23/11/2019,17:30,Granada,Ath Madrid,1,1,D
SP1,23/11/2019,20:00,Real Madrid,Sociedad,3,1,H
SP1,24/11/2019,11:00,Espanol,Getafe,1,1,D
SP1,24/11/2019,13:00,Osasuna,Ath Bilbao,1,2,A
SP1,24/11/2019,15:00,Eibar,Alaves,0,2,A
SP1,24/11/2019,17:30,Villarreal,Celta,1,3,A
SP1,24/11/2019,20:00,Valladolid,Sevilla,0,1,A
SP1,29/11/2019,20:00,Celta,Valladolid,0,0,D
SP1,30/11/2019,12:00,Alaves,Real Madrid,1,2,A
SP1,30/11/2019,15:00,Sociedad,Eibar,4,1,H
SP1,30/11/2019,17:30,Mallorca,Betis,1,2,A
SP1,30/11/2019,20:00,Valencia,Villarreal,2,1,H
SP1,1/12/19,11:00,Sevilla,Leganes,1,0,H
SP1,1/12/19,13:00,Ath Bilbao,Granada,2,0,H
SP1,1/12/19,15:00,Espanol,Osasuna,2,4,A
SP1,1/12/19,17:30,Getafe,Levante,4,0,H
SP1,1/12/19,20:00,Ath Madrid,Barcelona,0,1,A
SP1,6/12/19,20:00,Villarreal,Ath Madrid,0,0,D
SP1,7/12/19,12:00,Real Madrid,Espanol,2,0,H
SP1,7/12/19,15:00,Granada,Alaves,3,0,H
SP1,7/12/19,17:30,Levante,Valencia,2,4,A
SP1,7/12/19,20:00,Barcelona,Mallorca,5,2,H
SP1,8/12/19,11:00,Eibar,Getafe,0,1,A
SP1,8/12/19,13:00,Betis,Ath Bilbao,3,2,H
SP1,8/12/19,15:00,Valladolid,Sociedad,0,0,D
SP1,8/12/19,17:30,Leganes,Celta,3,2,H
SP1,8/12/19,20:00,Osasuna,Sevilla,1,1,D
SP1,13/12/2019,20:00,Alaves,Leganes,1,1,D
SP1,14/12/2019,12:00,Granada,Levante,1,2,A
SP1,14/12/2019,15:00,Sociedad,Barcelona,2,2,D
SP1,14/12/2019,17:30,Ath Bilbao,Eibar,0,0,D
SP1,14/12/2019,20:00,Ath Madrid,Osasuna,2,0,H
SP1,15/12/2019,11:00,Getafe,Valladolid,2,0,H
SP1,15/12/2019,13:00,Celta,Mallorca,2,2,D
SP1,15/12/2019,15:00,Espanol,Betis,2,2,D
SP1,15/12/2019,17:30,Sevilla,Villarreal,1,2,A
SP1,15/12/2019,20:00,Valencia,Real Madrid,1,1,D
SP1,18/12/2019,19:00,Barcelona,Real Madrid,0,0,D
SP1,20/12/2019,20:00,Eibar,Granada,3,0,H
SP1,21/12/2019,12:00,Mallorca,Sevilla,0,2,A
SP1,21/12/2019,15:00,Barcelona,Alaves,4,1,H
SP1,21/12/2019,17:30,Villarreal,Getafe,1,0,H
SP1,21/12/2019,20:00,Valladolid,Valencia,1,1,D
SP1,22/12/2019,11:00,Leganes,Espanol,2,0,H
SP1,22/12/2019,13:00,Osasuna,Sociedad,3,4,A
SP1,22/12/2019,15:00,Betis,Ath Madrid,1,2,A
SP1,22/12/2019,17:30,Levante,Celta,3,1,H
SP1,22/12/2019,20:00,Real Madrid,Ath Bilbao,0,0,D
SP1,3/1/20,18:00,Valladolid,Leganes,2,2,D
SP1,3/1/20,20:00,Sevilla,Ath Bilbao,1,1,D
SP1,4/1/20,12:00,Valencia,Eibar,1,0,H
SP1,4/1/20,15:00,Getafe,Real Madrid,0,3,A
SP1,4/1/20,17:30,Ath Madrid,Levante,2,1,H
SP1,4/1/20,20:00,Espanol,Barcelona,2,2,D
SP1,5/1/20,11:00,Granada,Mallorca,1,0,H
SP1,5/1/20,13:00,Sociedad,Villarreal,1,2,A
SP1,5/1/20,15:00,Alaves,Betis,1,1,D
SP1,5/1/20,20:00,Celta,Osasuna,1,1,D
SP1,17/01/2020,20:00,Leganes,Getafe,0,3,A
SP1,18/01/2020,12:00,Levante,Alaves,0,1,A
SP1,18/01/2020,15:00,Real Madrid,Sevilla,2,1,H
SP1,18/01/2020,17:30,Osasuna,Valladolid,0,0,D
SP1,18/01/2020,20:00,Eibar,Ath Madrid,2,0,H
SP1,19/01/2020,11:00,Mallorca,Valencia,4,1,H
SP1,19/01/2020,13:00,Betis,Sociedad,3,0,H
SP1,19/01/2020,15:00,Villarreal,Espanol,1,2,A
SP1,19/01/2020,17:30,Ath Bilbao,Celta,1,1,D
SP1,19/01/2020,20:00,Barcelona,Granada,1,0,H
SP1,24/01/2020,20:00,Osasuna,Levante,2,0,H
SP1,25/01/2020,12:00,Espanol,Ath Bilbao,1,1,D
SP1,25/01/2020,15:00,Valencia,Barcelona,2,0,H
SP1,25/01/2020,17:30,Alaves,Villarreal,1,2,A
SP1,25/01/2020,20:00,Sevilla,Granada,2,0,H
SP1,26/01/2020,11:00,Ath Madrid,Leganes,0,0,D
SP1,26/01/2020,13:00,Celta,Eibar,0,0,D
SP1,26/01/2020,15:00,Getafe,Betis,1,0,H
SP1,26/01/2020,17:30,Sociedad,Mallorca,3,0,H
SP1,26/01/2020,20:00,Valladolid,Real Madrid,0,1,A
SP1,1/2/20,12:00,Granada,Espanol,2,1,H
SP1,1/2/20,15:00,Real Madrid,Ath Madrid,1,0,H
SP1,1/2/20,17:30,Mallorca,Valladolid,0,1,A
SP1,1/2/20,20:00,Valencia,Celta,1,0,H
SP1,2/2/20,11:00,Leganes,Sociedad,2,1,H
SP1,2/2/20,13:00,Eibar,Betis,1,1,D
SP1,2/2/20,15:00,Ath Bilbao,Getafe,0,2,A
SP1,2/2/20,17:30,Sevilla,Alaves,1,1,D
SP1,2/2/20,17:30,Villarreal,Osasuna,3,1,H
SP1,2/2/20,20:00,Barcelona,Levante,2,1,H
SP1,7/2/20,20:00,Alaves,Eibar,2,1,H
SP1,8/2/20,12:00,Levante,Leganes,2,0,H
SP1,8/2/20,15:00,Getafe,Valencia,3,0,H
SP1,8/2/20,17:30,Valladolid,Villarreal,1,1,D
SP1,8/2/20,20:00,Ath Madrid,Granada,1,0,H
SP1,9/2/20,11:00,Espanol,Mallorca,1,0,H
SP1,9/2/20,13:00,Sociedad,Ath Bilbao,2,1,H
SP1,9/2/20,15:00,Osasuna,Real Madrid,1,4,A
SP1,9/2/20,17:30,Celta,Sevilla,2,1,H
SP1,9/2/20,20:00,Betis,Barcelona,2,3,A
SP1,14/02/2020,20:00,Valencia,Ath Madrid,2,2,D
SP1,15/02/2020,12:00,Mallorca,Alaves,1,0,H
SP1,15/02/2020,15:00,Barcelona,Getafe,2,1,H
SP1,15/02/2020,17:30,Villarreal,Levante,2,1,H
SP1,15/02/2020,20:00,Granada,Valladolid,2,1,H
SP1,16/02/2020,11:00,Sevilla,Espanol,2,2,D
SP1,16/02/2020,13:00,Leganes,Betis,0,0,D
SP1,16/02/2020,17:30,Ath Bilbao,Osasuna,0,1,A
SP1,16/02/2020,20:00,Real Madrid,Celta,2,2,D
SP1,21/02/2020,20:00,Betis,Mallorca,3,3,D
SP1,22/02/2020,12:00,Celta,Leganes,1,0,H
SP1,22/02/2020,15:00,Barcelona,Eibar,5,0,H
SP1,22/02/2020,17:30,Sociedad,Valencia,3,0,H
SP1,22/02/2020,20:00,Levante,Real Madrid,1,0,H
SP1,23/02/2020,11:00,Osasuna,Granada,0,3,A
SP1,23/02/2020,13:00,Alaves,Ath Bilbao,2,1,H
SP1,23/02/2020,15:00,Valladolid,Espanol,2,1,H
SP1,23/02/2020,17:30,Getafe,Sevilla,0,3,A
SP1,23/02/2020,20:00,Ath Madrid,Villarreal,3,1,H
SP1,28/02/2020,20:00,Sociedad,Valladolid,1,0,H
SP1,29/02/2020,12:00,Eibar,Levante,3,0,H
SP1,29/02/2020,15:00,Valencia,Betis,2,1,H
SP1,29/02/2020,17:30,Leganes,Alaves,1,1,D
SP1,29/02/2020,20:00,Granada,Celta,0,0,D
SP1,1/3/20,11:00,Sevilla,Osasuna,3,2,H
SP1,1/3/20,13:00,Ath Bilbao,Villarreal,1,0,H
SP1,1/3/20,15:00,Espanol,Ath Madrid,1,1,D
SP1,1/3/20,17:30,Mallorca,Getafe,0,1,A
SP1,1/3/20,20:00,Real Madrid,Barcelona,2,0,H
SP1,6/3/20,20:00,Alaves,Valencia,1,1,D
SP1,7/3/20,12:00,Eibar,Mallorca,1,2,A
SP1,7/3/20,15:00,Ath Madrid,Sevilla,2,2,D
SP1,7/3/20,17:30,Barcelona,Sociedad,1,0,H
SP1,7/3/20,20:00,Getafe,Celta,0,0,D
SP1,8/3/20,11:00,Osasuna,Espanol,1,0,H
SP1,8/3/20,13:00,Valladolid,Ath Bilbao,1,4,A
SP1,8/3/20,15:00,Levante,Granada,1,1,D
SP1,8/3/20,17:30,Villarreal,Leganes,1,2,A
SP1,8/3/20,20:00,Betis,Real Madrid,2,1,H
SP1,10/3/20,19:00,Eibar,Sociedad,1,2,A
SP1,11/6/20,21:00,Sevilla,Betis,2,0,H
SP1,12/6/20,18:30,Granada,Getafe,2,1,H
SP1,12/6/20,21:00,Valencia,Levante,1,1,D
SP1,13/06/2020,13:00,Espanol,Alaves,2,0,H
SP1,13/06/2020,16:00,Celta,Villarreal,0,1,A
SP1,13/06/2020,18:30,Leganes,Valladolid,1,2,A
SP1,13/06/2020,21:00,Mallorca,Barcelona,0,4,A
SP1,14/06/2020,13:00,Ath Bilbao,Ath Madrid,1,1,D
SP1,14/06/2020,18:30,Real Madrid,Eibar,3,1,H
SP1,14/06/2020,21:00,Sociedad,Osasuna,1,1,D
SP1,15/06/2020,18:30,Levante,Sevilla,1,1,D
SP1,15/06/2020,21:00,Betis,Granada,2,2,D
SP1,16/06/2020,18:30,Getafe,Espanol,0,0,D
SP1,16/06/2020,18:30,Villarreal,Mallorca,1,0,H
SP1,16/06/2020,21:00,Barcelona,Leganes,2,0,H
SP1,17/06/2020,18:30,Eibar,Ath Bilbao,2,2,D
SP1,17/06/2020,18:30,Valladolid,Celta,0,0,D
SP1,17/06/2020,21:00,Osasuna,Ath Madrid,0,5,A
SP1,18/06/2020,18:30,Alaves,Sociedad,2,0,H
SP1,18/06/2020,21:00,Real Madrid,Valencia,3,0,H
SP1,19/06/2020,18:30,Granada,Villarreal,0,1,A
SP1,19/06/2020,18:30,Mallorca,Leganes,1,1,D
SP1,19/06/2020,21:00,Sevilla,Barcelona,0,0,D
SP1,20/06/2020,13:00,Espanol,Levante,1,3,A
SP1,20/06/2020,16:00,Ath Bilbao,Betis,1,0,H
SP1,20/06/2020,18:30,Getafe,Eibar,1,1,D
SP1,20/06/2020,21:00,Ath Madrid,Valladolid,1,0,H
SP1,21/06/2020,13:00,Celta,Alaves,6,0,H
SP1,21/06/2020,18:30,Valencia,Osasuna,2,0,H
SP1,21/06/2020,21:00,Sociedad,Real Madrid,1,2,A
SP1,22/06/2020,18:30,Villarreal,Sevilla,2,2,D
SP1,22/06/2020,21:00,Leganes,Granada,0,0,D
SP1,23/06/2020,18:30,Levante,Ath Madrid,0,1,A
SP1,23/06/2020,18:30,Valladolid,Getafe,1,1,D
SP1,23/06/2020,21:00,Barcelona,Ath Bilbao,1,0,H
SP1,24/06/2020,18:30,Alaves,Osasuna,0,1,A
SP1,24/06/2020,18:30,Sociedad,Celta,0,1,A
SP1,24/06/2020,21:00,Real Madrid,Mallorca,2,0,H
SP1,25/06/2020,18:30,Eibar,Valencia,1,0,H
SP1,25/06/2020,21:00,Betis,Espanol,1,0,H
SP1,26/06/2020,21:00,Sevilla,Valladolid,1,1,D
SP1,27/06/2020,13:00,Ath Bilbao,Mallorca,3,1,H
SP1,27/06/2020,16:00,Celta,Barcelona,2,2,D
SP1,27/06/2020,18:30,Osasuna,Leganes,2,1,H
SP1,27/06/2020,21:00,Ath Madrid,Alaves,2,1,H
SP1,28/06/2020,13:00,Levante,Betis,4,2,H
SP1,28/06/2020,16:00,Villarreal,Valencia,2,0,H
SP1,28/06/2020,18:30,Granada,Eibar,1,2,A
SP1,28/06/2020,21:00,Espanol,Real Madrid,0,1,A
SP1,29/06/2020,21:00,Getafe,Sociedad,2,1,H
SP1,30/06/2020,18:30,Mallorca,Celta,5,1,H
SP1,30/06/2020,20:00,Leganes,Sevilla,0,3,A
SP1,30/06/2020,21:00,Barcelona,Ath Madrid,2,2,D
SP1,1/7/20,18:30,Alaves,Granada,0,2,A
SP1,1/7/20,18:30,Valencia,Ath Bilbao,0,2,A
SP1,1/7/20,21:00,Betis,Villarreal,0,2,A
SP1,1/7/20,21:00,Valladolid,Levante,0,0,D
SP1,2/7/20,18:30,Eibar,Osasuna,0,2,A
SP1,2/7/20,18:30,Sociedad,Espanol,2,1,H
SP1,2/7/20,21:00,Real Madrid,Getafe,1,0,H
SP1,3/7/20,21:00,Ath Madrid,Mallorca,3,0,H
SP1,4/7/20,16:00,Celta,Betis,1,1,D
SP1,4/7/20,18:30,Valladolid,Alaves,1,0,H
SP1,4/7/20,21:00,Granada,Valencia,2,2,D
SP1,5/7/20,13:00,Ath Bilbao,Real Madrid,0,1,A
SP1,5/7/20,16:00,Espanol,Leganes,0,1,A
SP1,5/7/20,18:30,Osasuna,Getafe,0,0,D
SP1,5/7/20,21:00,Villarreal,Barcelona,1,4,A
SP1,6/7/20,18:30,Levante,Sociedad,1,1,D
SP1,6/7/20,21:00,Sevilla,Eibar,1,0,H
SP1,7/7/20,18:30,Valencia,Valladolid,2,1,H
SP1,7/7/20,21:00,Celta,Ath Madrid,1,1,D
SP1,8/7/20,19:30,Betis,Osasuna,3,0,H
SP1,8/7/20,19:30,Getafe,Villarreal,1,3,A
SP1,8/7/20,21:00,Barcelona,Espanol,1,0,H
SP1,9/7/20,18:30,Eibar,Leganes,0,0,D
SP1,9/7/20,18:30,Mallorca,Levante,2,0,H
SP1,9/7/20,21:00,Ath Bilbao,Sevilla,1,2,A
SP1,10/7/20,18:30,Sociedad,Granada,2,3,A
SP1,10/7/20,21:00,Real Madrid,Alaves,2,0,H
SP1,11/7/20,16:00,Osasuna,Celta,2,1,H
SP1,11/7/20,18:30,Valladolid,Barcelona,0,1,A
SP1,11/7/20,21:00,Ath Madrid,Betis,1,0,H
SP1,12/7/20,13:00,Espanol,Eibar,0,2,A
SP1,12/7/20,16:00,Levante,Ath Bilbao,1,2,A
SP1,12/7/20,18:30,Leganes,Valencia,1,0,H
SP1,12/7/20,21:00,Sevilla,Mallorca,2,0,H
SP1,13/07/2020,18:30,Alaves,Getafe,0,0,D
SP1,13/07/2020,18:30,Villarreal,Sociedad,1,2,A
SP1,13/07/2020,21:00,Granada,Real Madrid,1,2,A