Div,Date,Time,HomeTeam,AwayTeam,HomeScore,AwayScore,Result,HomeTeam ID,AwayTeam ID,City,
D1,16/08/2019,19:30,Bayern Munich,Hertha,2,2,D,BUN1,BUN7,Munich,
D1,17/08/2019,14:30,Dortmund,Augsburg,5,1,H,BUN2,BUN0,Dortmund,
D1,17/08/2019,14:30,Freiburg,Mainz,3,0,H,BUN6,BUN10,Freiburg,
D1,17/08/2019,14:30,Leverkusen,Paderborn,3,2,H,BUN9,BUN12,Leverkusen,
D1,17/08/2019,14:30,Werder Bremen,Fortuna Dusseldorf,1,3,A,BUN16,BUN5,Bremen,
D1,17/08/2019,14:30,Wolfsburg,FC Koln,2,1,H,BUN17,BUN4,Wolfsburg,
D1,17/08/2019,17:30,M'gladbach,Schalke 04,0,0,D,BUN11,BUN14,Monchengladbach,
D1,18/08/2019,14:30,Ein Frankfurt,Hoffenheim,1,0,H,BUN3,BUN8,Frankfurt,
D1,18/08/2019,17:00,Union Berlin,RB Leipzig,0,4,A,BUN15,BUN13,Berlin,
D1,23/08/2019,19:30,FC Koln,Dortmund,1,3,A,BUN4,BUN2,Cologne,
D1,24/08/2019,14:30,Augsburg,Union Berlin,1,1,D,BUN0,BUN15,Augsburg,
D1,24/08/2019,14:30,Fortuna Dusseldorf,Leverkusen,1,3,A,BUN5,BUN9,Dusseldorf,
D1,24/08/2019,14:30,Hoffenheim,Werder Bremen,3,2,H,BUN8,BUN16,Sinsheim,
D1,24/08/2019,14:30,Mainz,M'gladbach,1,3,A,BUN10,BUN11,Mainz,
D1,24/08/2019,14:30,Paderborn,Freiburg,1,3,A,BUN12,BUN6,Paderborn,
D1,24/08/2019,17:30,Schalke 04,Bayern Munich,0,3,A,BUN14,BUN1,Gelsenkirchen,
D1,25/08/2019,14:30,RB Leipzig,Ein Frankfurt,2,1,H,BUN13,BUN3,Leipzig,
D1,25/08/2019,17:00,Hertha,Wolfsburg,0,3,A,BUN7,BUN17,Berlin,
D1,30/08/2019,19:30,M'gladbach,RB Leipzig,1,3,A,BUN11,BUN13,Monchengladbach,
D1,31/08/2019,14:30,Bayern Munich,Mainz,6,1,H,BUN1,BUN10,Munich,
D1,31/08/2019,14:30,Freiburg,FC Koln,1,2,A,BUN6,BUN4,Freiburg,
D1,31/08/2019,14:30,Leverkusen,Hoffenheim,0,0,D,BUN9,BUN8,Leverkusen,
D1,31/08/2019,14:30,Schalke 04,Hertha,3,0,H,BUN14,BUN7,Gelsenkirchen,
D1,31/08/2019,14:30,Wolfsburg,Paderborn,1,1,D,BUN17,BUN12,Wolfsburg,
D1,31/08/2019,17:30,Union Berlin,Dortmund,3,1,H,BUN15,BUN2,Berlin,
D1,1/9/19,14:30,Werder Bremen,Augsburg,3,2,H,BUN16,BUN0,Bremen,
D1,1/9/19,17:00,Ein Frankfurt,Fortuna Dusseldorf,2,1,H,BUN3,BUN5,Frankfurt,
D1,13/09/2019,19:30,Fortuna Dusseldorf,Wolfsburg,1,1,D,BUN5,BUN17,Dusseldorf,
D1,14/09/2019,14:30,Augsburg,Ein Frankfurt,2,1,H,BUN0,BUN3,Augsburg,
D1,14/09/2019,14:30,Dortmund,Leverkusen,4,0,H,BUN2,BUN9,Dortmund,
D1,14/09/2019,14:30,FC Koln,M'gladbach,0,1,A,BUN4,BUN11,Cologne,
D1,14/09/2019,14:30,Mainz,Hertha,2,1,H,BUN10,BUN7,Mainz,
D1,14/09/2019,14:30,Union Berlin,Werder Bremen,1,2,A,BUN15,BUN16,Berlin,
D1,14/09/2019,17:30,RB Leipzig,Bayern Munich,1,1,D,BUN13,BUN1,Leipzig,
D1,15/09/2019,14:30,Hoffenheim,Freiburg,0,3,A,BUN8,BUN6,Sinsheim,
D1,15/09/2019,17:00,Paderborn,Schalke 04,1,5,A,BUN12,BUN14,Paderborn,
D1,20/09/2019,19:30,Schalke 04,Mainz,2,1,H,BUN14,BUN10,Gelsenkirchen,
D1,21/09/2019,14:30,Bayern Munich,FC Koln,4,0,H,BUN1,BUN4,Munich,
D1,21/09/2019,14:30,Freiburg,Augsburg,1,1,D,BUN6,BUN0,Freiburg,
D1,21/09/2019,14:30,Hertha,Paderborn,2,1,H,BUN7,BUN12,Berlin,
D1,21/09/2019,14:30,Leverkusen,Union Berlin,2,0,H,BUN9,BUN15,Leverkusen,
D1,21/09/2019,17:30,Werder Bremen,RB Leipzig,0,3,A,BUN16,BUN13,Bremen,
D1,22/09/2019,14:30,M'gladbach,Fortuna Dusseldorf,2,1,H,BUN11,BUN5,Monchengladbach,
D1,22/09/2019,17:00,Ein Frankfurt,Dortmund,2,2,D,BUN3,BUN2,Frankfurt,
D1,23/09/2019,19:30,Wolfsburg,Hoffenheim,1,1,D,BUN17,BUN8,Wolfsburg,
D1,27/09/2019,19:30,Union Berlin,Ein Frankfurt,1,2,A,BUN15,BUN3,Berlin,
D1,28/09/2019,14:30,Augsburg,Leverkusen,0,3,A,BUN0,BUN9,Augsburg,
D1,28/09/2019,14:30,Hoffenheim,M'gladbach,0,3,A,BUN8,BUN11,Sinsheim,
D1,28/09/2019,14:30,Mainz,Wolfsburg,0,1,A,BUN10,BUN17,Mainz,
D1,28/09/2019,14:30,Paderborn,Bayern Munich,2,3,A,BUN12,BUN1,Paderborn,
D1,28/09/2019,14:30,RB Leipzig,Schalke 04,1,3,A,BUN13,BUN14,Leipzig,
D1,28/09/2019,17:30,Dortmund,Werder Bremen,2,2,D,BUN2,BUN16,Dortmund,
D1,29/09/2019,14:30,Fortuna Dusseldorf,Freiburg,1,2,A,BUN5,BUN6,Dusseldorf,
D1,29/09/2019,17:00,FC Koln,Hertha,0,4,A,BUN4,BUN7,Cologne,
D1,4/10/19,19:30,Hertha,Fortuna Dusseldorf,3,1,H,BUN7,BUN5,Berlin,
D1,5/10/19,14:30,Bayern Munich,Hoffenheim,1,2,A,BUN1,BUN8,Munich,
D1,5/10/19,14:30,Freiburg,Dortmund,2,2,D,BUN6,BUN2,Freiburg,
D1,5/10/19,14:30,Leverkusen,RB Leipzig,1,1,D,BUN9,BUN13,Leverkusen,
D1,5/10/19,14:30,Paderborn,Mainz,1,2,A,BUN12,BUN10,Paderborn,
D1,5/10/19,17:30,Schalke 04,FC Koln,1,1,D,BUN14,BUN4,Gelsenkirchen,
D1,6/10/19,12:30,M'gladbach,Augsburg,5,1,H,BUN11,BUN0,Monchengladbach,
D1,6/10/19,14:30,Wolfsburg,Union Berlin,1,0,H,BUN17,BUN15,Wolfsburg,
D1,6/10/19,17:00,Ein Frankfurt,Werder Bremen,2,2,D,BUN3,BUN16,Frankfurt,
D1,18/10/2019,19:30,Ein Frankfurt,Leverkusen,3,0,H,BUN3,BUN9,Frankfurt,
D1,19/10/2019,14:30,Augsburg,Bayern Munich,2,2,D,BUN0,BUN1,Augsburg,
D1,19/10/2019,14:30,Fortuna Dusseldorf,Mainz,1,0,H,BUN5,BUN10,Dusseldorf,
D1,19/10/2019,14:30,RB Leipzig,Wolfsburg,1,1,D,BUN13,BUN17,Leipzig,
D1,19/10/2019,14:30,Union Berlin,Freiburg,2,0,H,BUN15,BUN6,Berlin,
D1,19/10/2019,14:30,Werder Bremen,Hertha,1,1,D,BUN16,BUN7,Bremen,
D1,19/10/2019,17:30,Dortmund,M'gladbach,1,0,H,BUN2,BUN11,Dortmund,
D1,20/10/2019,14:30,FC Koln,Paderborn,3,0,H,BUN4,BUN12,Cologne,
D1,20/10/2019,17:00,Hoffenheim,Schalke 04,2,0,H,BUN8,BUN14,Sinsheim,
D1,25/10/2019,19:30,Mainz,FC Koln,3,1,H,BUN10,BUN4,Mainz,
D1,26/10/2019,14:30,Bayern Munich,Union Berlin,2,1,H,BUN1,BUN15,Munich,
D1,26/10/2019,14:30,Freiburg,RB Leipzig,2,1,H,BUN6,BUN13,Freiburg,
D1,26/10/2019,14:30,Hertha,Hoffenheim,2,3,A,BUN7,BUN8,Berlin,
D1,26/10/2019,14:30,Paderborn,Fortuna Dusseldorf,2,0,H,BUN12,BUN5,Paderborn,
D1,26/10/2019,14:30,Schalke 04,Dortmund,0,0,D,BUN14,BUN2,Gelsenkirchen,
D1,26/10/2019,17:30,Leverkusen,Werder Bremen,2,2,D,BUN9,BUN16,Leverkusen,
D1,27/10/2019,14:30,Wolfsburg,Augsburg,0,0,D,BUN17,BUN0,Wolfsburg,
D1,27/10/2019,17:00,M'gladbach,Ein Frankfurt,4,2,H,BUN11,BUN3,Monchengladbach,
D1,1/11/19,19:30,Hoffenheim,Paderborn,3,0,H,BUN8,BUN12,Sinsheim,
D1,2/11/19,14:30,Dortmund,Wolfsburg,3,0,H,BUN2,BUN17,Dortmund,
D1,2/11/19,14:30,Ein Frankfurt,Bayern Munich,5,1,H,BUN3,BUN1,Frankfurt,
D1,2/11/19,14:30,Leverkusen,M'gladbach,1,2,A,BUN9,BUN11,Leverkusen,
D1,2/11/19,14:30,RB Leipzig,Mainz,8,0,H,BUN13,BUN10,Leipzig,
D1,2/11/19,14:30,Werder Bremen,Freiburg,2,2,D,BUN16,BUN6,Bremen,
D1,2/11/19,17:30,Union Berlin,Hertha,1,0,H,BUN15,BUN7,Berlin,
D1,3/11/19,14:30,Fortuna Dusseldorf,FC Koln,2,0,H,BUN5,BUN4,Dusseldorf,
D1,3/11/19,17:00,Augsburg,Schalke 04,2,3,A,BUN0,BUN14,Augsburg,
D1,8/11/19,19:30,FC Koln,Hoffenheim,1,2,A,BUN4,BUN8,Cologne,
D1,9/11/19,14:30,Hertha,RB Leipzig,2,4,A,BUN7,BUN13,Berlin,
D1,9/11/19,14:30,Mainz,Union Berlin,2,3,A,BUN10,BUN15,Mainz,
D1,9/11/19,14:30,Paderborn,Augsburg,0,1,A,BUN12,BUN0,Paderborn,
D1,9/11/19,14:30,Schalke 04,Fortuna Dusseldorf,3,3,D,BUN14,BUN5,Gelsenkirchen,
D1,9/11/19,17:30,Bayern Munich,Dortmund,4,0,H,BUN1,BUN2,Munich,
D1,10/11/19,12:30,M'gladbach,Werder Bremen,3,1,H,BUN11,BUN16,Monchengladbach,
D1,10/11/19,14:30,Wolfsburg,Leverkusen,0,2,A,BUN17,BUN9,Wolfsburg,
D1,10/11/19,17:00,Freiburg,Ein Frankfurt,1,0,H,BUN6,BUN3,Freiburg,
D1,22/11/2019,19:30,Dortmund,Paderborn,3,3,D,BUN2,BUN12,Dortmund,
D1,23/11/2019,14:30,Ein Frankfurt,Wolfsburg,0,2,A,BUN3,BUN17,Frankfurt,
D1,23/11/2019,14:30,Fortuna Dusseldorf,Bayern Munich,0,4,A,BUN5,BUN1,Dusseldorf,
D1,23/11/2019,14:30,Leverkusen,Freiburg,1,1,D,BUN9,BUN6,Leverkusen,
D1,23/11/2019,14:30,Union Berlin,M'gladbach,2,0,H,BUN15,BUN11,Berlin,
D1,23/11/2019,14:30,Werder Bremen,Schalke 04,1,2,A,BUN16,BUN14,Bremen,
D1,23/11/2019,17:30,RB Leipzig,FC Koln,4,1,H,BUN13,BUN4,Leipzig,
D1,24/11/2019,14:30,Augsburg,Hertha,4,0,H,BUN0,BUN7,Augsburg,
D1,24/11/2019,17:00,Hoffenheim,Mainz,1,5,A,BUN8,BUN10,Sinsheim,
D1,29/11/2019,19:30,Schalke 04,Union Berlin,2,1,H,BUN14,BUN15,Gelsenkirchen,
D1,30/11/2019,14:30,FC Koln,Augsburg,1,1,D,BUN4,BUN0,Cologne,
D1,30/11/2019,14:30,Hertha,Dortmund,1,2,A,BUN7,BUN2,Berlin,
D1,30/11/2019,14:30,Hoffenheim,Fortuna Dusseldorf,1,1,D,BUN8,BUN5,Sinsheim,
D1,30/11/2019,14:30,Paderborn,RB Leipzig,2,3,A,BUN12,BUN13,Paderborn,
D1,30/11/2019,17:30,Bayern Munich,Leverkusen,1,2,A,BUN1,BUN9,Munich,
D1,1/12/19,14:30,M'gladbach,Freiburg,4,2,H,BUN11,BUN6,Monchengladbach,
D1,1/12/19,17:00,Wolfsburg,Werder Bremen,2,3,A,BUN17,BUN16,Wolfsburg,
D1,2/12/19,19:30,Mainz,Ein Frankfurt,2,1,H,BUN10,BUN3,Mainz,
D1,6/12/19,19:30,Ein Frankfurt,Hertha,2,2,D,BUN3,BUN7,Frankfurt,
D1,7/12/19,14:30,Augsburg,Mainz,2,1,H,BUN0,BUN10,Augsburg,
D1,7/12/19,14:30,Dortmund,Fortuna Dusseldorf,5,0,H,BUN2,BUN5,Dortmund,
D1,7/12/19,14:30,Freiburg,Wolfsburg,1,0,H,BUN6,BUN17,Freiburg,
D1,7/12/19,14:30,M'gladbach,Bayern Munich,2,1,H,BUN11,BUN1,Monchengladbach,
D1,7/12/19,14:30,RB Leipzig,Hoffenheim,3,1,H,BUN13,BUN8,Leipzig,
D1,7/12/19,17:30,Leverkusen,Schalke 04,2,1,H,BUN9,BUN14,Leverkusen,
D1,8/12/19,14:30,Union Berlin,FC Koln,2,0,H,BUN15,BUN4,Berlin,
D1,8/12/19,17:00,Werder Bremen,Paderborn,0,1,A,BUN16,BUN12,Bremen,
D1,13/12/2019,19:30,Hoffenheim,Augsburg,2,4,A,BUN8,BUN0,Sinsheim,
D1,14/12/2019,14:30,Bayern Munich,Werder Bremen,6,1,H,BUN1,BUN16,Munich,
D1,14/12/2019,14:30,FC Koln,Leverkusen,2,0,H,BUN4,BUN9,Cologne,
D1,14/12/2019,14:30,Hertha,Freiburg,1,0,H,BUN7,BUN6,Berlin,
D1,14/12/2019,14:30,Mainz,Dortmund,0,4,A,BUN10,BUN2,Mainz,
D1,14/12/2019,14:30,Paderborn,Union Berlin,1,1,D,BUN12,BUN15,Paderborn,
D1,14/12/2019,17:30,Fortuna Dusseldorf,RB Leipzig,0,3,A,BUN5,BUN13,Dusseldorf,
D1,15/12/2019,14:30,Wolfsburg,M'gladbach,2,1,H,BUN17,BUN11,Wolfsburg,
D1,15/12/2019,17:00,Schalke 04,Ein Frankfurt,1,0,H,BUN14,BUN3,Gelsenkirchen,
D1,17/12/2019,17:30,Werder Bremen,Mainz,0,5,A,BUN16,BUN10,Bremen,
D1,17/12/2019,19:30,Augsburg,Fortuna Dusseldorf,3,0,H,BUN0,BUN5,Augsburg,
D1,17/12/2019,19:30,Dortmund,RB Leipzig,3,3,D,BUN2,BUN13,Dortmund,
D1,17/12/2019,19:30,Union Berlin,Hoffenheim,0,2,A,BUN15,BUN8,Berlin,
D1,18/12/2019,17:30,Leverkusen,Hertha,0,1,A,BUN9,BUN7,Leverkusen,
D1,18/12/2019,19:30,Ein Frankfurt,FC Koln,2,4,A,BUN3,BUN4,Frankfurt,
D1,18/12/2019,19:30,Freiburg,Bayern Munich,1,3,A,BUN6,BUN1,Freiburg,
D1,18/12/2019,19:30,M'gladbach,Paderborn,2,0,H,BUN11,BUN12,Monchengladbach,
D1,18/12/2019,19:30,Wolfsburg,Schalke 04,1,1,D,BUN17,BUN14,Wolfsburg,
D1,20/12/2019,19:30,Hoffenheim,Dortmund,2,1,H,BUN8,BUN2,Sinsheim,
D1,21/12/2019,14:30,Bayern Munich,Wolfsburg,2,0,H,BUN1,BUN17,Munich,
D1,21/12/2019,14:30,FC Koln,Werder Bremen,1,0,H,BUN4,BUN16,Cologne,
D1,21/12/2019,14:30,Mainz,Leverkusen,0,1,A,BUN10,BUN9,Mainz,
D1,21/12/2019,14:30,RB Leipzig,Augsburg,3,1,H,BUN13,BUN0,Leipzig,
D1,21/12/2019,14:30,Schalke 04,Freiburg,2,2,D,BUN14,BUN6,Gelsenkirchen,
D1,21/12/2019,17:30,Hertha,M'gladbach,0,0,D,BUN7,BUN11,Berlin,
D1,22/12/2019,14:30,Fortuna Dusseldorf,Union Berlin,2,1,H,BUN5,BUN15,Dusseldorf,
D1,22/12/2019,17:00,Paderborn,Ein Frankfurt,2,1,H,BUN12,BUN3,Paderborn,
D1,17/01/2020,19:30,Schalke 04,M'gladbach,2,0,H,BUN14,BUN11,Gelsenkirchen,
D1,18/01/2020,14:30,Augsburg,Dortmund,3,5,A,BUN0,BUN2,Augsburg,
D1,18/01/2020,14:30,FC Koln,Wolfsburg,3,1,H,BUN4,BUN17,Cologne,
D1,18/01/2020,14:30,Fortuna Dusseldorf,Werder Bremen,0,1,A,BUN5,BUN16,Dusseldorf,
D1,18/01/2020,14:30,Hoffenheim,Ein Frankfurt,1,2,A,BUN8,BUN3,Sinsheim,
D1,18/01/2020,14:30,Mainz,Freiburg,1,2,A,BUN10,BUN6,Mainz,
D1,18/01/2020,17:30,RB Leipzig,Union Berlin,3,1,H,BUN13,BUN15,Leipzig,
D1,19/01/2020,14:30,Hertha,Bayern Munich,0,4,A,BUN7,BUN1,Berlin,
D1,19/01/2020,17:00,Paderborn,Leverkusen,1,4,A,BUN12,BUN9,Paderborn,
D1,24/01/2020,19:30,Dortmund,FC Koln,5,1,H,BUN2,BUN4,Dortmund,
D1,25/01/2020,14:30,Ein Frankfurt,RB Leipzig,2,0,H,BUN3,BUN13,Frankfurt,
D1,25/01/2020,14:30,Freiburg,Paderborn,0,2,A,BUN6,BUN12,Freiburg,
D1,25/01/2020,14:30,M'gladbach,Mainz,3,1,H,BUN11,BUN10,Monchengladbach,
D1,25/01/2020,14:30,Union Berlin,Augsburg,2,0,H,BUN15,BUN0,Berlin,
D1,25/01/2020,14:30,Wolfsburg,Hertha,1,2,A,BUN17,BUN7,Wolfsburg,
D1,25/01/2020,17:30,Bayern Munich,Schalke 04,5,0,H,BUN1,BUN14,Munich,
D1,26/01/2020,14:30,Werder Bremen,Hoffenheim,0,3,A,BUN16,BUN8,Bremen,
D1,26/01/2020,17:00,Leverkusen,Fortuna Dusseldorf,3,0,H,BUN9,BUN5,Leverkusen,
D1,31/01/2020,19:30,Hertha,Schalke 04,0,0,D,BUN7,BUN14,Berlin,
D1,1/2/20,14:30,Augsburg,Werder Bremen,2,1,H,BUN0,BUN16,Augsburg,
D1,1/2/20,14:30,Dortmund,Union Berlin,5,0,H,BUN2,BUN15,Dortmund,
D1,1/2/20,14:30,Fortuna Dusseldorf,Ein Frankfurt,1,1,D,BUN5,BUN3,Dusseldorf,
D1,1/2/20,14:30,Hoffenheim,Leverkusen,2,1,H,BUN8,BUN9,Sinsheim,
D1,1/2/20,14:30,Mainz,Bayern Munich,1,3,A,BUN10,BUN1,Mainz,
D1,1/2/20,17:30,RB Leipzig,M'gladbach,2,2,D,BUN13,BUN11,Leipzig,
D1,2/2/20,14:30,FC Koln,Freiburg,4,0,H,BUN4,BUN6,Cologne,
D1,2/2/20,17:00,Paderborn,Wolfsburg,2,4,A,BUN12,BUN17,Paderborn,
D1,7/2/20,19:30,Ein Frankfurt,Augsburg,5,0,H,BUN3,BUN0,Frankfurt,
D1,8/2/20,14:30,Freiburg,Hoffenheim,1,0,H,BUN6,BUN8,Freiburg,
D1,8/2/20,14:30,Hertha,Mainz,1,3,A,BUN7,BUN10,Berlin,
D1,8/2/20,14:30,Schalke 04,Paderborn,1,1,D,BUN14,BUN12,Gelsenkirchen,
D1,8/2/20,14:30,Werder Bremen,Union Berlin,0,2,A,BUN16,BUN15,Bremen,
D1,8/2/20,14:30,Wolfsburg,Fortuna Dusseldorf,1,1,D,BUN17,BUN5,Wolfsburg,
D1,8/2/20,17:30,Leverkusen,Dortmund,4,3,H,BUN9,BUN2,Leverkusen,
D1,9/2/20,17:00,Bayern Munich,RB Leipzig,0,0,D,BUN1,BUN13,Munich,
D1,14/02/2020,19:30,Dortmund,Ein Frankfurt,4,0,H,BUN2,BUN3,Dortmund,
D1,15/02/2020,14:30,Augsburg,Freiburg,1,1,D,BUN0,BUN6,Augsburg,
D1,15/02/2020,14:30,Hoffenheim,Wolfsburg,2,3,A,BUN8,BUN17,Sinsheim,
D1,15/02/2020,14:30,Paderborn,Hertha,1,2,A,BUN12,BUN7,Paderborn,
D1,15/02/2020,14:30,RB Leipzig,Werder Bremen,3,0,H,BUN13,BUN16,Leipzig,
D1,15/02/2020,14:30,Union Berlin,Leverkusen,2,3,A,BUN15,BUN9,Berlin,
D1,15/02/2020,17:30,Fortuna Dusseldorf,M'gladbach,1,4,A,BUN5,BUN11,Dusseldorf,
D1,16/02/2020,14:30,FC Koln,Bayern Munich,1,4,A,BUN4,BUN1,Cologne,
D1,16/02/2020,17:00,Mainz,Schalke 04,0,0,D,BUN10,BUN14,Mainz,
D1,21/02/2020,19:30,Bayern Munich,Paderborn,3,2,H,BUN1,BUN12,Munich,
D1,22/02/2020,14:30,Freiburg,Fortuna Dusseldorf,0,2,A,BUN6,BUN5,Freiburg,
D1,22/02/2020,14:30,Hertha,FC Koln,0,5,A,BUN7,BUN4,Berlin,
D1,22/02/2020,14:30,M'gladbach,Hoffenheim,1,1,D,BUN11,BUN8,Monchengladbach,
D1,22/02/2020,14:30,Werder Bremen,Dortmund,0,2,A,BUN16,BUN2,Bremen,
D1,22/02/2020,17:30,Schalke 04,RB Leipzig,0,5,A,BUN14,BUN13,Gelsenkirchen,
D1,23/02/2020,14:30,Leverkusen,Augsburg,2,0,H,BUN9,BUN0,Leverkusen,
D1,23/02/2020,17:00,Wolfsburg,Mainz,4,0,H,BUN17,BUN10,Wolfsburg,
D1,24/02/2020,19:30,Ein Frankfurt,Union Berlin,1,2,A,BUN3,BUN15,Frankfurt,
D1,28/02/2020,19:30,Fortuna Dusseldorf,Hertha,3,3,D,BUN5,BUN7,Dusseldorf,
D1,29/02/2020,14:30,Augsburg,M'gladbach,2,3,A,BUN0,BUN11,Augsburg,
D1,29/02/2020,14:30,Dortmund,Freiburg,1,0,H,BUN2,BUN6,Dortmund,
D1,29/02/2020,14:30,Hoffenheim,Bayern Munich,0,6,A,BUN8,BUN1,Sinsheim,
D1,29/02/2020,14:30,Mainz,Paderborn,2,0,H,BUN10,BUN12,Mainz,
D1,29/02/2020,17:30,FC Koln,Schalke 04,3,0,H,BUN4,BUN14,Cologne,
D1,1/3/20,12:30,Union Berlin,Wolfsburg,2,2,D,BUN15,BUN17,Berlin,
D1,1/3/20,14:30,RB Leipzig,Leverkusen,1,1,D,BUN13,BUN9,Leipzig,
D1,6/3/20,19:00,Paderborn,FC Koln,1,2,A,BUN12,BUN4,Paderborn,
D1,7/3/20,14:30,Freiburg,Union Berlin,3,1,H,BUN6,BUN15,Freiburg,
D1,7/3/20,14:30,Hertha,Werder Bremen,2,2,D,BUN7,BUN16,Berlin,
D1,7/3/20,14:30,Leverkusen,Ein Frankfurt,4,0,H,BUN9,BUN3,Leverkusen,
D1,7/3/20,14:30,Schalke 04,Hoffenheim,1,1,D,BUN14,BUN8,Gelsenkirchen,
D1,7/3/20,14:30,Wolfsburg,RB Leipzig,0,0,D,BUN17,BUN13,Wolfsburg,
D1,7/3/20,17:30,M'gladbach,Dortmund,1,2,A,BUN11,BUN2,Monchengladbach,
D1,8/3/20,14:30,Bayern Munich,Augsburg,2,0,H,BUN1,BUN0,Munich,
D1,8/3/20,17:00,Mainz,Fortuna Dusseldorf,1,1,D,BUN10,BUN5,Mainz,
D1,11/3/20,17:30,M'gladbach,FC Koln,2,1,H,BUN11,BUN4,Monchengladbach,
D1,16/05/2020,14:30,Augsburg,Wolfsburg,1,2,A,BUN0,BUN17,Augsburg,
D1,16/05/2020,14:30,Dortmund,Schalke 04,4,0,H,BUN2,BUN14,Dortmund,
D1,16/05/2020,14:30,Fortuna Dusseldorf,Paderborn,0,0,D,BUN5,BUN12,Dusseldorf,
D1,16/05/2020,14:30,Hoffenheim,Hertha,0,3,A,BUN8,BUN7,Sinsheim,
D1,16/05/2020,14:30,RB Leipzig,Freiburg,1,1,D,BUN13,BUN6,Leipzig,
D1,16/05/2020,17:30,Ein Frankfurt,M'gladbach,1,3,A,BUN3,BUN11,Frankfurt,
D1,17/05/2020,14:30,FC Koln,Mainz,2,2,D,BUN4,BUN10,Cologne,
D1,17/05/2020,17:00,Union Berlin,Bayern Munich,0,2,A,BUN15,BUN1,Berlin,
D1,18/05/2020,19:30,Werder Bremen,Leverkusen,1,4,A,BUN16,BUN9,Bremen,
D1,22/05/2020,19:30,Hertha,Union Berlin,4,0,H,BUN7,BUN15,Berlin,
D1,23/05/2020,14:30,Freiburg,Werder Bremen,0,1,A,BUN6,BUN16,Freiburg,
D1,23/05/2020,14:30,M'gladbach,Leverkusen,1,3,A,BUN11,BUN9,Monchengladbach,
D1,23/05/2020,14:30,Paderborn,Hoffenheim,1,1,D,BUN12,BUN8,Paderborn,
D1,23/05/2020,14:30,Wolfsburg,Dortmund,0,2,A,BUN17,BUN2,Wolfsburg,
D1,23/05/2020,17:30,Bayern Munich,Ein Frankfurt,5,2,H,BUN1,BUN3,Munich,
D1,24/05/2020,12:30,Schalke 04,Augsburg,0,3,A,BUN14,BUN0,Gelsenkirchen,
D1,24/05/2020,14:30,Mainz,RB Leipzig,0,5,A,BUN10,BUN13,Mainz,
D1,24/05/2020,17:00,FC Koln,Fortuna Dusseldorf,2,2,D,BUN4,BUN5,Cologne,
D1,26/05/2020,17:30,Dortmund,Bayern Munich,0,1,A,BUN2,BUN1,Dortmund,
D1,26/05/2020,19:30,Ein Frankfurt,Freiburg,3,3,D,BUN3,BUN6,Frankfurt,
D1,26/05/2020,19:30,Leverkusen,Wolfsburg,1,4,A,BUN9,BUN17,Leverkusen,
D1,26/05/2020,19:30,Werder Bremen,M'gladbach,0,0,D,BUN16,BUN11,Bremen,
D1,27/05/2020,17:30,RB Leipzig,Hertha,2,2,D,BUN13,BUN7,Leipzig,
D1,27/05/2020,19:30,Augsburg,Paderborn,0,0,D,BUN0,BUN12,Augsburg,
D1,27/05/2020,19:30,Fortuna Dusseldorf,Schalke 04,2,1,H,BUN5,BUN14,Dusseldorf,
D1,27/05/2020,19:30,Hoffenheim,FC Koln,3,1,H,BUN8,BUN4,Sinsheim,
D1,27/05/2020,19:30,Union Berlin,Mainz,1,1,D,BUN15,BUN10,Berlin,
D1,29/05/2020,19:30,Freiburg,Leverkusen,0,1,A,BUN6,BUN9,Freiburg,
D1,30/05/2020,14:30,Hertha,Augsburg,2,0,H,BUN7,BUN0,Berlin,
D1,30/05/2020,14:30,Mainz,Hoffenheim,0,1,A,BUN10,BUN8,Mainz,
D1,30/05/2020,14:30,Schalke 04,Werder Bremen,0,1,A,BUN14,BUN16,Gelsenkirchen,
D1,30/05/2020,14:30,Wolfsburg,Ein Frankfurt,1,2,A,BUN17,BUN3,Wolfsburg,
D1,30/05/2020,17:30,Bayern Munich,Fortuna Dusseldorf,5,0,H,BUN1,BUN5,Munich,
D1,31/05/2020,14:30,M'gladbach,Union Berlin,4,1,H,BUN11,BUN15,Monchengladbach,
D1,31/05/2020,17:00,Paderborn,Dortmund,1,6,A,BUN12,BUN2,Paderborn,
D1,1/6/20,19:30,FC Koln,RB Leipzig,2,4,A,BUN4,BUN13,Cologne,
D1,3/6/20,19:30,Werder Bremen,Ein Frankfurt,0,3,A,BUN16,BUN3,Bremen,
D1,5/6/20,19:30,Freiburg,M'gladbach,1,0,H,BUN6,BUN11,Freiburg,
D1,6/6/20,14:30,Ein Frankfurt,Mainz,0,2,A,BUN3,BUN10,Frankfurt,
D1,6/6/20,14:30,Fortuna Dusseldorf,Hoffenheim,2,2,D,BUN5,BUN8,Dusseldorf,
D1,6/6/20,14:30,Leverkusen,Bayern Munich,2,4,A,BUN9,BUN1,Leverkusen,
D1,6/6/20,14:30,RB Leipzig,Paderborn,1,1,D,BUN13,BUN12,Leipzig,
D1,6/6/20,17:30,Dortmund,Hertha,1,0,H,BUN2,BUN7,Dortmund,
D1,7/6/20,12:30,Werder Bremen,Wolfsburg,0,1,A,BUN16,BUN17,Bremen,
D1,7/6/20,14:30,Union Berlin,Schalke 04,1,1,D,BUN15,BUN14,Berlin,
D1,7/6/20,17:00,Augsburg,FC Koln,1,1,D,BUN0,BUN4,Augsburg,
D1,12/6/20,19:30,Hoffenheim,RB Leipzig,0,2,A,BUN8,BUN13,Sinsheim,
D1,13/06/2020,14:30,FC Koln,Union Berlin,1,2,A,BUN4,BUN15,Cologne,
D1,13/06/2020,14:30,Fortuna Dusseldorf,Dortmund,0,1,A,BUN5,BUN2,Dusseldorf,
D1,13/06/2020,14:30,Hertha,Ein Frankfurt,1,4,A,BUN7,BUN3,Berlin,
D1,13/06/2020,14:30,Paderborn,Werder Bremen,1,5,A,BUN12,BUN16,Paderborn,
D1,13/06/2020,14:30,Wolfsburg,Freiburg,2,2,D,BUN17,BUN6,Wolfsburg,
D1,13/06/2020,17:30,Bayern Munich,M'gladbach,2,1,H,BUN1,BUN11,Munich,
D1,14/06/2020,14:30,Mainz,Augsburg,0,1,A,BUN10,BUN0,Mainz,
D1,14/06/2020,17:00,Schalke 04,Leverkusen,1,1,D,BUN14,BUN9,Gelsenkirchen,
D1,16/06/2020,17:30,M'gladbach,Wolfsburg,3,0,H,BUN11,BUN17,Monchengladbach,
D1,16/06/2020,19:30,Freiburg,Hertha,2,1,H,BUN6,BUN7,Freiburg,
D1,16/06/2020,19:30,Union Berlin,Paderborn,1,0,H,BUN15,BUN12,Berlin,
D1,16/06/2020,19:30,Werder Bremen,Bayern Munich,0,1,A,BUN16,BUN1,Bremen,
D1,17/06/2020,17:30,Ein Frankfurt,Schalke 04,2,1,H,BUN3,BUN14,Frankfurt,
D1,17/06/2020,19:30,Augsburg,Hoffenheim,1,3,A,BUN0,BUN8,Augsburg,
D1,17/06/2020,19:30,Dortmund,Mainz,0,2,A,BUN2,BUN10,Dortmund,
D1,17/06/2020,19:30,Leverkusen,FC Koln,3,1,H,BUN9,BUN4,Leverkusen,
D1,17/06/2020,19:30,RB Leipzig,Fortuna Dusseldorf,2,2,D,BUN13,BUN5,Leipzig,
D1,20/06/2020,14:30,Bayern Munich,Freiburg,3,1,H,BUN1,BUN6,Munich,
D1,20/06/2020,14:30,FC Koln,Ein Frankfurt,1,1,D,BUN4,BUN3,Cologne,
D1,20/06/2020,14:30,Fortuna Dusseldorf,Augsburg,1,1,D,BUN5,BUN0,Dusseldorf,
D1,20/06/2020,14:30,Hertha,Leverkusen,2,0,H,BUN7,BUN9,Berlin,
D1,20/06/2020,14:30,Hoffenheim,Union Berlin,4,0,H,BUN8,BUN15,Sinsheim,
D1,20/06/2020,14:30,Mainz,Werder Bremen,3,1,H,BUN10,BUN16,Mainz,
D1,20/06/2020,14:30,Paderborn,M'gladbach,1,3,A,BUN12,BUN11,Paderborn,
D1,20/06/2020,14:30,RB Leipzig,Dortmund,0,2,A,BUN13,BUN2,Leipzig,
D1,20/06/2020,14:30,Schalke 04,Wolfsburg,1,4,A,BUN14,BUN17,Gelsenkirchen,
D1,27/06/2020,14:30,Augsburg,RB Leipzig,1,2,A,BUN0,BUN13,Augsburg,
D1,27/06/2020,14:30,Dortmund,Hoffenheim,0,4,A,BUN2,BUN8,Dortmund,
D1,27/06/2020,14:30,Ein Frankfurt,Paderborn,3,2,H,BUN3,BUN12,Frankfurt,
D1,27/06/2020,14:30,Freiburg,Schalke 04,4,0,H,BUN6,BUN14,Freiburg,
D1,27/06/2020,14:30,Leverkusen,Mainz,1,0,H,BUN9,BUN10,Leverkusen,
D1,27/06/2020,14:30,M'gladbach,Hertha,2,1,H,BUN11,BUN7,Monchengladbach,
D1,27/06/2020,14:30,Union Berlin,Fortuna Dusseldorf,3,0,H,BUN15,BUN5,Berlin,
D1,27/06/2020,14:30,Werder Bremen,FC Koln,6,1,H,BUN16,BUN4,Bremen,
D1,27/06/2020,14:30,Wolfsburg,Bayern Munich,0,4,A,BUN17,BUN1,Wolfsburg,
